artist_name,track_name,release_date,genre,lyrics
Radiohead,Creep,1992,Alternative Rock,"When you were here before
Couldn't look you in the eye
You're just like an angel
Your skin makes me cry
You float like a feather
In a beautiful world
I wish I was special
You're so fuckin' special

But I'm a creep
I'm a weirdo
What the hell am I doin' here?
I don't belong here

I don't care if it hurts
I wanna have control
I want a perfect body
I want a perfect soul
I want you to notice
When I'm not around
You're so fuckin' special
I wish I was special

But I'm a creep
I'm a weirdo
What the hell am I doin' here?
I don't belong here
Oh-oh, oh-oh

She's runnin' out the door
She's runnin' out
She run, run, run, run
Run

Whatever makes you happy
Whatever you want
You're so fuckin' special
I wish I was special

But I'm a creep
I'm a weirdo
What the hell am I doin' here?
I don't belong here
I don't belong here"
Imagine Dragons,Believer,2017,Alternative Rock,"First things first, I'ma say all the words inside my head
I'm fired up and tired of the way that things have been, oh-ooh
The way that things have been, oh-ooh
Second things second, don't you tell me what you think that I could be
I'm the one at the sail, I'm the master of my sea, oh-ooh
The master of my sea, oh-ooh

I was broken from a young age, taking my sulkin' to the masses
Writing my poems for the few that look at me, took to me, shook at me, feelin' me
Singing from heartache from the pain, taking my message from the veins
Speaking my lesson from the brain, seeing the beauty through the

Pain! You made me a, you made me a believer, believer
Pain! You break me down, you build me up, believer, believer
Pain, oh, let the bullets fly, oh, let them rain
My life, my love, my drive, it came from
Pain! You made me a, you made me a believer, believer

Third things third, send a prayer to the ones up above
All the hate that you've heard has turned your spirit to a dove, oh-ooh
Your spirit up above, oh-ooh

I was chokin' in the crowd, building my rain up in the cloud
Falling like ashes to the ground, hoping my feelings, they would drown
But they never did, ever lived, ebbin' and flowin'
Inhibited, limited 'til it broke open and rained down
It rained down like

Pain! You made me a, you made me a believer, believer
Pain! You break me down, you build me up, believer, believer
Pain, oh, let the bullets fly, oh, let them rain
My life, my love, my drive, it came from
Pain! You made me a, you made me a believer, believer

Last things last, by the grace of the fire and the flames
You're the face of the future, the blood in my veins, oh-ooh
The blood in my veins, oh-ooh

But they never did, ever lived, ebbin' and flowin'
Inhibited, limited 'til it broke open and rained down
It rained down like

Pain! You made me a, you made me a believer, believer
Pain! You break me down, you build me up, believer, believer
Pain, oh, let the bullets fly, oh, let them rain
My life, my love, my drive, it came from
Pain! You made me a, you made me a believer, believer"
Hozier,Take Me to Church,2013,Alternative Rock,"My lover's got humour
She's the giggle at a funeral
Knows everybody's disapproval
I should've worshipped her sooner
If the heavens ever did speak
She's the last true mouthpiece
Every Sunday's gettin' more bleak
A fresh poison each week
We were born sick, you heard them say it
My church offers no absolutes
She tells me, ""Worship in the bedroom""
The only heaven I'll be sent to
Is when I'm alone with you
I was born sick, but I love it
Command me to be well

A, amen
Amen, amen

Take me to church
I'll worship like a dog at the shrine of your lies
I'll tell you my sins and you can sharpen your knife
Offer me that deathless death
Oh, good God, let me give you my life
Take me to church
I'll worship like a dog at the shrine of your lies
I'll tell you my sins and you can sharpen your knife
Offer me that deathless death
Oh, good God, let me give you my life

If I'm a pagan of the good times
My lover's the sunlight
To keep the goddess on my side
She demands a sacrifice
Drain the whole sea, get somethin' shiny
Somethin' meaty for the main course
That's a fine lookin' high horse
What you got in the stable?
We've a lot of starvin' faithful
That looks tasty, that looks plenty
This is hungry work

Take me to church
I'll worship like a dog at the shrine of your lies
I'll tell you my sins, so you can sharpen your knife
Offer me my deathless death
Oh, good God, let me give you my life
Take me to church
I'll worship like a dog at the shrine of your lies
I'll tell you my sins, so you can sharpen your knife
Offer me my deathless death
Oh, good God, let me give you my life

No masters or kings when the ritual begins
There is no sweeter innocence than our gentle sin
In the madness and soil of that sad earthly scene
Only then, I am human, only then, I am clean

Oh, oh, amen
Amen, amen

Take me to church
I'll worship like a dog at the shrine of your lies
I'll tell you my sins and you can sharpen your knife
Offer me that deathless death
Oh, good God, let me give you my life
Take me to church
I'll worship like a dog at the shrine of your lies
I'll tell you my sins and you can sharpen your knife
Offer me that deathless death
Oh, good God, let me give you my life"
Arctic Monkeys,Do I Wanna Know?,2013,Alternative Rock,"Have you got colour in your cheeks?
Do you ever get that fear that you can't shift the type
That sticks around like summat in your teeth?
Are there some aces up your sleeve?
Have you no idea that you're in deep?
I've dreamt about you nearly every night this week
How many secrets can you keep?
'Cause there's this tune I found
That makes me think of you somehow an' I play it on repeat
Until I fall asleep, spillin' drinks on my settee

(Do I wanna know) If this feelin' flows both ways?
(Sad to see you go) Was sorta hopin' that you'd stay
(Baby, we both know) That the nights were mainly made
For sayin' things that you can't say tomorrow day

Crawlin' back to you
Ever thought of callin' when
You've had a few?
'Cause I always do
Maybe I'm too
Busy bein' yours
To fall for somebody new
Now I've thought it through
Crawlin' back to you

So have you got the guts?
Been wonderin' if your heart's still open
And if so, I wanna know what time it shuts
Simmer down an' pucker up, I'm sorry to interrupt
It's just I'm constantly on the cusp of tryin' to kiss you
But I don't know if you feel the same as I do
But we could be together if you wanted to

(Do I wanna know) If this feelin' flows both ways?
(Sad to see you go) Was sorta hopin' that you'd stay
(Baby, we both know) That the nights were mainly made
For sayin' things that you can't say tomorrow day

Crawlin' back to you (Crawlin' back to you)
Ever thought of callin' when
You've had a few? (You've had a few)
'Cause I always do ('Cause I always do)
Maybe I'm too (Maybe I'm too busy)
Busy bein' yours (Bein' yours)
To fall for somebody new
Now I've thought it through
Crawlin' back to you

(Do I wanna know) If this feelin' flows both ways?
(Sad to see you go) Was sorta hopin' that you'd stay
(Baby, we both know) That the nights were mainly made
For sayin' things that you can't say tomorrow day
(Do I wanna know?) Too busy bein' yours to fall
(Sad to see you go) Ever thought of callin', darlin'?
(Do I wanna know?) Do you want me crawlin' back to you?"
The Killers,Mr. Brightside,2003,Alternative Rock,"Comin' out of my cage and I've been doin' just fine
Gotta, gotta be down because I want it all
It started out with a kiss, how did it end up like this?
It was only a kiss, it was only a kiss
Now I'm falling asleep and she's calling a cab
While he's having a smoke and she's taking a drag
Now they're goin' to bed and my stomach is sick
And it's all in my head, but she's touching his

Chest now
He takes off her dress now
Let me go
And I just can't look, it's killing me
And taking control

Jealousy
Turning saints into the sea
Swimming through sick lullabies
Choking on your alibis
But it's just the price I pay
Destiny is calling me
Open up my eager eyes
'Cause I'm Mr. Brightside


I'm comin' out of my cage and I've been doin' just fine
Gotta, gotta be down because I want it all
It started out with a kiss, how did it end up like this?
(It was only a kiss) It was only a kiss
Now I'm falling asleep and she's calling a cab
While he's havin' a smoke and she's taking a drag
Now they're goin' to bed and my stomach is sick
And it's all in my head, but she's touching his

Chest now
He takes off her dress now
Let me go
'Cause I just can't look, it's killing me
And taking control

Jealousy
Turning saints into the sea
Swimming through sick lullabies
Choking on your alibis
But it's just the price I pay
Destiny is calling me
Open up my eager eyes
'Cause I'm Mr. Brightside


I never
I never
I never
I never"
blink-182,I Miss You,2003,Alternative Rock,"I miss you, I miss you

Hello, there
The angel from my nightmare
The shadow in the background of the morgue
The unsuspecting victim
Of darkness in the valley
We can live like Jack and Sally if we want
Where you can always find me
And we'll have Halloween on Christmas
And in the night, we'll wish this never ends
We'll wish this never ends

I miss you, miss you
I miss you, I miss you

Where are you? And I'm so sorry
I cannot sleep, I cannot dream tonight
I need somebody and always
This sick, strange darkness
Comes creeping on, so haunting every time
And as I stared, I counted
The webs from all the spiders
Catching things and eating their insides
Like indecision to call you
And hear your voice of treason
Will you come home and stop this pain tonight?
Stop this pain tonight

Don't waste your time on me, you're already
The voice inside my head (I miss you, miss you)
Don't waste your time on me, you're already
The voice inside my head (I miss you, miss you)


Don't waste your time on me, you're already
The voice inside my head (I miss you, miss you)
Don't waste your time on me, you're already
The voice inside my head (I miss you, miss you)
Don't waste your time on me, you're already
The voice inside my head (I miss you, miss you)
Don't waste your time on me, you're already
The voice inside my head (I miss you, miss you)

I miss you, miss you
I miss you, miss you
I miss you, miss you
I miss you, miss you"
The Cranberries,Zombie,1994,Alternative Rock,"Another head hangs lowly
Child is slowly taken
And the violence caused such silence
Who are we, mistaken?

But you see, it's not me, it's not my family
In your head, in your head, they are fightin'
With their tanks and their bombs and their bombs and their guns
In your head, in your head, they are cryin'

In your head, in your head
Zombie, zombie, zombie-ie-ie
What's in your head, in your head?
Zombie, zombie, zombie-ie-ie-ie, oh

Doo, doo, doo, doo
Doo, doo, doo, doo
Doo, doo, doo, doo
Doo, doo, doo, doo

Another mother's breakin'
Heart is takin' over
When the violence causes silence
We must be mistaken

It's the same old theme, since 1916
In your head, in your head, they're still fightin'
With their tanks and their bombs and their bombs and their guns
In your head, in your head, they are dyin'

In your head, in your head
Zombie, zombie, zombie-ie-ie
What's in your head, in your head?
Zombie, zombie, zombie-ie-ie-ie
Oh-oh-oh-oh, oh-oh-oh, eh-eh-oh, ya-ya"
The Chainsmokers,Something Just Like This,2017,Alternative Rock,"I've been reading books of old, the legends and the myths
Achilles and his gold, Hercules and his gifts
Spider-Man's control and Batman with his fists
And clearly, I don't see myself upon that list

But she said, ""Where d'you wanna go? How much you wanna risk?""
I'm not lookin' for somebody with some superhuman gifts
Some superhero, some fairytale bliss
Just something I can turn to, somebody I can kiss
I want something just like this

Doo-doo-doo, doo-doo-doo
Doo-doo-doo, doo, doo
Doo-doo-doo, doo-doo-doo
Oh, I want something just like this
Doo-doo-doo, doo-doo-doo
Doo-doo-doo, doo, doo
Doo-doo-doo, doo-doo-doo
Oh, I want something just like this

I want something just like this

I've been reading books of old, the legends and the myths
The testaments they told, the moon and its eclipse
And Superman unrolls a suit before he lifts
But I'm not the kind of person that it fits

She said, ""Where d'you wanna go? How much you wanna risk?""
I'm not lookin' for somebody with some superhuman gifts
Some superhero, some fairytale bliss
Just something I can turn to, somebody I can miss
I want something just like this

I want something just like this
Oh, I want something just like this

Doo-doo-doo, doo-doo-doo
Doo-doo-doo, doo, doo
Doo-doo-doo, doo-doo-doo
Oh, I want something just like this
Doo-doo-doo, doo-doo-doo
Doo-doo-doo, doo, doo
Doo-doo-doo, doo-doo-doo

Where d'you wanna go? How much you wanna risk?
I'm not lookin' for somebody with some superhuman gifts
Some superhero, some fairytale bliss
Just something I can turn to, somebody I can kiss
I want something just like this

Oh, I want something just like this

Oh, I want something just like this
Oh, I want something just like this"
Coldplay,Viva La Vida,2008,Alternative Rock,"I used to rule the world
Seas would rise when I gave the word
Now in the mornin', I sleep alone
Sweep the streets I used to own

I used to roll the dice
Feel the fear in my enemy's eyes
Listen as the crowd would sing
""Now the old king is dead, long live the king""
One minute, I held the key
Next, the walls were closed on me
And I discovered that my castles stand
Upon pillars of salt and pillars of sand

I hear Jerusalem bells a-ringin'
Roman cavalry choirs are singin'
Be my mirror, my sword and shield
My missionaries in a foreign field
For some reason, I can't explain
Once you'd gone, there was never
Never an honest word
And that was when I ruled the world

It was a wicked and wild wind
Blew down the doors to let me in
Shattered windows and the sound of drums
People couldn't believe what I'd become
And revolutionaries wait
For my head on a silver plate
Just a puppet on a lonely string (
Mmm, mmm
)
Aw, who would ever wanna be king?

I hear Jerusalem bells a-ringin'
Roman cavalry choirs are singin'
Be my mirror, my sword and shield
My missionaries in a foreign field
For some reason, I can't explain
I know Saint Peter won't call my name
Never an honest word
But that was when I ruled the world

Oh-oh-oh, oh-oh, oh
Oh-oh-oh, oh-oh, oh
Oh-oh-oh, oh-oh, oh
Oh-oh-oh, oh-oh, oh

(
Oh-oh-oh, oh-oh, oh
)
Hear Jerusalem bells a-ringin'
(Oh-oh-oh, oh-oh, oh)
Roman cavalry choirs are singin'
(Oh-oh-oh, oh-oh, oh)
Be my mirror, my sword and shield
(Oh-oh-oh, oh-oh, oh)
My missionaries in a foreign field
(Oh-oh-oh, oh-oh, oh)
For some reason, I can't explain
(Oh-oh-oh, oh-oh, oh)
I know Saint Peter won't call my name
Never an honest word
But that was when I ruled the world

Mmm, mmm, mmm, mmm
Mmm, mmm, mmm, mmm
Mmm, mmm"
Billie Eilish,Happier Than Ever,2021,Alternative Rock,"When I'm away from you
I'm happier than ever
Wish I could explain it better
I wish it wasn't true

Give me a day or two to think of something clever
To write myself a letter
To tell me what to do, mm-mm
Do you read my interviews?
Or do you skip my avenue?
When you said you were passin' through
Was I even on your way?
I knew when I asked you to (When I asked you to)
Be cool about what I was tellin' you
You'd do the opposite of what you said you'd do (What you said you'd do)
And I'd end up more afraid
Don't say it isn't fair
You clearly werеn't aware that you made me misеrable
So if you really wanna know

When I'm away from you (When I'm away from you)
I'm happier than ever (Happier than ever)
Wish I could explain it better (Wish I could explain it better)
I wish it wasn't true, mm-mm

You call me again, drunk in your Benz
Drivin' home under the influence
You scared me to death, but I'm wastin' my breath
'Cause you only listen to your fuckin' friends
I don't relate to you
I don't relate to you, no
'Cause I'd never treat me this shitty
You made me hate this city

And I don't talk shit about you on the internet
Never told anyone anything bad
'Cause that shit's embarrassing, you were my everything
And all that you did was make me fuckin' sad
So don't waste the time I don't have
And don't try to make me feel bad
I could talk about every time that you showed up on time
But I'd have an empty line 'cause you never did
Never paid any mind to my mother or friends, so I
Shut 'em all out for you 'cause I was a kid

You ruined everything good
Always said you were misunderstood
Made all my moments your own
Just fuckin' leave me alone, yeah (Fuck you)
(Ah)
(Goddamn)
(Ah)
(Fuck you)
(Fuck you)"
XXXTENTACION,Revenge,2017,Alternative Rock,"I think I— I think I finally
Found a way to forgive myself
For the mistakes I made in the past
I think that's the first step, right?
You agree?

I've dug two graves for us, my dear
Can't pretend that I was perfect, leavin' you in fear
Oh, man, what a world, the things I hear
If I could act on my revenge, no, would I?
Some kill, some steal, some break your heart
And you'd have thought that I would let it go and let you walk
Well, broken hearts break bones, so break up fast
And I don't wanna let it go, so in my grave, I'll rot
I've dug two graves for us, my dear
Can't pretend that I was perfect, leavin' you in fear
Oh, man, what a world, the things I hear
If I could act on my revenge, no, would I?
Some kill, some steal, some break your heart
And you'd have thought that I would let it go and let you walk
Well, broken hearts break bones, so break up fast
And I don't wanna let it go, so in my grave, I'll rot

In my grave, I'll rot
In my grave, I'll rot
In my grave, I'll rot-ot-ot
In my grave, I'll rot
In my grave, I'll rot-ot-ot
In my grave, I'll rot

In my grave, I'll rot
Is my pain your freedom? (Oh, no, oh, no)
Is all of my pain your freedom? (Oh, no-no-no-no)
Enjoy"
Harry Styles,As It Was,2022,Alternative Rock,"Come on, Harry, we wanna say goodnight to you

Holdin' me back
Gravity's holdin' me back
I want you to hold out the palm of your hand
Why don't we leave it at that?
Nothin' to say
When everything gets in the way
Seems you cannot be replaced
And I'm the one who will stay, oh-oh-oh

In this world, it's just us
You know it's not the same as it was
In this world, it's just us
You know it's not the same as it was
As it was, as it was
You know it's not the same

Answer the phone
""Harry, you're no good alone
Why are you sitting at home on the floor?
What kind of pills are you on?""
Ringin' the bell
And nobody's coming to help
Your daddy lives by himself
He just wants to know that you're well, oh-oh-oh

In this world, it's just us
You know it's not the same as it was
In this world, it's just us
You know it's not the same as it was
As it was, as it was
You know it's not the same

Go home, get ahead, light-speed internet
I don't wanna talk about the way that it was
Leave America, two kids follow her
I don't wanna talk about who's doin' it first

(Hey)
As it was
You know it's not the same as it was
As it was, as it was"
Oasis,Don’t Look Back in Anger,1995,Alternative Rock,"Slip inside the eye of your mind
Don't you know you might find
A better place to play?
You said that you'd never been
But all the things that you've seen
Will slowly fade away

So I start a revolution from my bed
'Cause you said the brains I had went to my head
Step outside, summertime's in bloom
Stand up beside the fireplace
Take that look from off your face
You ain't ever gonna burn my heart out

And so, Sally can wait
She knows it's too late as we're walkin' on by
Her soul slides away
""But don't look back in anger,"" I heard you say

Take me to the place where you go
Where nobody knows
If it's night or day
Please don't put your life in the hands
Of a rock 'n' roll band
Who'll throw it all away

I'm gonna start a revolution from my bed
'Cause you said the brains I had went to my head
Step outside, 'cause summertime's in bloom
Stand up beside the fireplace
Take that look from off your face
'Cause you ain't ever gonna burn my heart out

And so, Sally can wait
She knows it's too late as she's walking on by
My soul slides away
""But don't look back in anger,"" I heard you say


So, Sally can wait
She knows it's too late as we're walking on by
Her soul slides away
""But don't look back in anger,"" I heard you say
So, Sally can wait
She knows it's too late as she's walking on by
My soul slides away
""But don't look back in anger
Don't look back in anger,"" I heard you say

""At least not today"""
Smash Mouth,All Star,1999,Alternative Rock,"Somebody once told me the world is gonna roll me
I ain't the sharpest tool in the shed
She was looking kind of dumb with her finger and her thumb
In the shape of an ""L"" on her forehead

Well, the years start comin' and they don't stop comin'
Fed to the rules and I hit the ground runnin'
Didn't make sense not to live for fun
Your brain gets smart but your head gets dumb
So much to do, so much to see
So what's wrong with taking the backstreets?
You'll never know if you don't go
You'll never shine if you don't glow

Hey now, you're an all star
Get your game on, go play
Hey now, you're a rock star
Get the show on, get paid
(And all that glitters is gold)
Only shootin' stars break the mold

It's a cool place, and they say it gets colder
You're bundled up now, wait 'til you get older
But the meteor men beg to differ
Judging by the hole in the satellite picture
The ice we skate is gettin' pretty thin
The water's gettin' warm so you might as well swim
My world's on fire, how 'bout yours?
That's the way I like it and I'll never get bored

Hey now, you're an all star
Get your game on, go play
Hey now, you're a rock star
Get the show on, get paid
(All that glitters is gold)
Only shootin' stars break the mold

Go for the moon
G-g-g-go for the moon
Go for the moon
Go-go-go for the moon

Hey now, you're an all star
Get your game on, go play
Hey now, you're a rock star
Get the show on, get paid
(And all that glitters is gold)
Only shooting stars

Somebody once asked, ""Could I spare some change for gas?
I need to get myself away from this place""
I said, ""Yep, what a concept
I could use a little fuel myself and we could all use a little change""

Well, the years start comin' and they don't stop comin'
Fed to the rules and I hit the ground runnin'
Didn't make sense not to live for fun
Your brain gets smart but your head gets dumb
So much to do, so much to see
So what's wrong with taking the backstreets?
You'll never know if you don't go (Go)
You'll never shine if you don't glow

Hey now, you're an all star
Get your game on, go play
Hey now, you're a rock star
Get the show on, get paid
(And all that glitters is gold)
Only shootin' stars break the mold

(And all that glitters is gold)
Only shootin' stars break the mold"
Wheatus,Teenage Dirtbag,2000,Alternative Rock,"Her name is Noelle, I have a dream about her
She rings my bell, I got gym class in half an hour
Oh, how she rocks in Keds and tube socks
But she doesn't know who I am, and she doesn't give a damn about me

'Cause I'm just a teenage dirtbag, baby
Yeah, I'm just a teenage dirtbag, baby
Listen to Iron Maiden, baby, with me, ooh

Her boyfriend's a dick and he brings a gun to school
And he'd simply kick my ass if he knew the truth
He lives on my block, and he drives an IROC
But he doesn't know who I am, and he doesn't give a damn about me

'Cause I'm just a teenage dirtbag, baby
Yeah, I'm just a teenage dirtbag, baby
Listen to Iron Maiden, baby, with me, ooh

Oh, yeah, dirtbag
No, she doesn't know what she's missin'
Oh, yeah, dirtbag
No, she doesn't know what she's missin'

Man, I feel like mold, it's prom night and I am lonely
Lo and behold, she's walkin' over to me
This must be fake, my lip starts to shake
How does she know who I am? And why does she give a damn about me?

I've got two tickets to Iron Maiden, baby
Come with me Friday, don't say maybe
I'm just a teenage dirtbag, baby, like you, ooh

Oh, yeah, dirtbag
No, she doesn't know what she's missin'
Oh, yeah, dirtbag
No, she doesn't know what she's missin'"
OneRepublic,Counting Stars,2013,Alternative Rock,"Lately, I been, I been losin' sleep
Dreamin' about the things that we could be
But, baby, I been, I been prayin' hard
Said, ""No more countin' dollars, we'll be countin' stars
Yeah, we'll be countin' stars""

I see this life like a swingin' vine
Swing my heart across the line
In my face is flashin' signs
Seek it out and ye shall find

The old, but I'm not that old
Young, but I'm not that bold
And I don't think the world is sold
On just doin' what we're told

I feel somethin' so right doin' the wrong thing
And I feel somethin' so wrong doin' the right thing
I couldn't lie, couldn't lie, couldn't lie
Everything that kills me makes me feel alive

Lately, I been, I been losin' sleep
Dreamin' about the things that we could be
But, baby, I been, I been prayin' hard
Said, ""No more countin' dollars, we'll be countin' stars""
Lately, I been, I been losin' sleep
Dreamin' about the things that we could be
But, baby, I been, I been prayin' hard
Said, ""No more countin' dollars, we'll be, we'll be countin' stars"", yeah

I feel your love, and I feel it burn
Down this river, every turn
""Hope"" is our four-letter word
Make that money, watch it burn

Old, but I'm not that old
Young, but I'm not that bold
And I don't think the world is sold
On just doin' what we're told

And I feel somethin' so wrong doin' the right thing
I couldn't lie, couldn't lie, couldn't lie
Everything that drowns me makes me wanna fly

Lately, I been, I been losin' sleep
Dreamin' about the things that we could be
But, baby, I been, I been prayin' hard
Said, ""No more countin' dollars, we'll be countin' stars""
Lately, I been, I been losin' sleep
Dreamin' about the things that we could be
But, baby, I been, I been prayin' hard
Said, ""No more countin' dollars, we'll be, we'll be countin' stars""

Oh, take that money, watch it burn
Sink in the river the lessons I learned
Take that money, watch it burn
Sink in the river the lessons I learned
Take that money, watch it burn
Sink in the river the lessons I learned
Take that money, watch it burn
Sink in the river the lessons I learned

Everything that kills me makes me feel alive

Lately, I been, I been losin' sleep
Dreamin' about the things that we could be
But, baby, I been, I been prayin' hard
Said, ""No more countin' dollars, we'll be countin' stars""
Lately, I been, I been losin' sleep
Dreamin' about the things that we could be
But, baby, I been, I been prayin' hard
Said, ""No more countin' dollars, we'll be, we'll be countin' stars""

Take that money, watch it burn
Sink in the river the lessons I learned
Take that money, watch it burn
Sink in the river the lessons I learned
Take that money, watch it burn
Sink in the river the lessons I learned
Take that money, watch it burn
Sink in the river the lessons I learned"
One Direction,Night Changes,2014,Alternative Rock,"Goin' out tonight, changes into somethin' red
Her mother doesn't like that kind of dress
Everything she never had, she's showin' off
Drivin' too fast, moon is breakin' through her hair
She's headin' for somethin' that she won't forget
Havin' no regrets is all that she really wants

(Ooh) 
We're only gettin' older, baby
(Ooh) 
And I've been thinkin' about it lately
(Ooh) 
Does it ever drive you crazy
(Ah-ah-ah) 
Just how fast the night changes?
(Ooh) 
Everything that you've ever dreamed of
(Ooh) 
Disappearin' when you wake up
(Ooh) 
But there's nothin' to be afraid of
(Ah-ah-ah) 
Even when the night changes
(Ooh) 
It will never change me and you

Chasin' her tonight, doubts are runnin' round her head
He's waitin', hides behind a cigarette
Heart is beatin' loud and she doesn't want it to stop
Movin' too fast, moon is lightin' up her skin
She's fallin', 
doesn't even know it yet
Havin' no regrets is all that she really wants

(Ooh) We're only gettin' older, baby
(Ooh) And I've been thinkin' about it lately
(Ooh) Does it ever drive you crazy
(Ah-ah-ah) Just how fast the night changes?
(Ooh) Everything that you've ever dreamed of
(Ooh) Disappearin' when you wake up
(Ooh) But there's nothin' to be afraid of
(Ah-ah-ah) Even when the night changes
(Ooh) It will never change me and you

Ooh, ooh, ooh, ooh
Ooh, ooh, ooh
Ooh

Goin' out tonight, changes into somethin' red
Her mother doesn't like that kind of dress
Reminds her of the missin' piece of innocence she lost

(Ooh) We're only gettin' older, baby
(Ooh) And I've been thinkin' about it lately
(Ooh) 
Does it ever drive you crazy
(Ah-ah-ah) 
Just how fast the night changes?
(Ooh) 
Everything that you've ever dreamed of
(Ooh) 
Disappearin' when you wake up
(Ooh) 
But there's nothin' to be afraid of
(Ah-ah-ah) 
Even when the night changes
(Ooh) 
It will never change, baby
(Ooh) It will never change, baby
(Ooh) It will never change me and you"
Twenty One Pilots,Heathens,2016,Alternative Rock,"All my friends are heathens, take it slow (In the city, boy, in the city)
Wait for them to ask you who you know
Please don't make any sudden moves
You don't know the half of the abuse
All my friends are heathens, take it slow
Wait for them to ask you who you know
Please don't make any sudden moves
You don't know the half of the abuse

Welcome to the room of people who have rooms of people
That they loved one day, locked away
Just because we check the guns at the door
Doesn't mean our brains will change from hand grenades
You'll never know the psychopath sitting next to you
You'll never know the murderer sitting next to you
You'll think, ""How'd I get here, sitting next to you?""
But after all I've said, please don't forget

All my friends are heathens, take it slow
Wait for them to ask you who you know
Please don't make any sudden moves
You don't know the half of the abuse

We don't deal with outsiders very well
They say newcomers have a certain smell
You have trust issues, not to mention
They say they can smell your intentions
You'll never know the freak show sitting next to you
You'll have some weird people sitting next to you
You'll think ""How did I get here, sitting next to you?""
But after all I've said, please don't forget
(Watch it)
(Watch it)

All my friends are heathens, take it slow (In the city, boy, in the city)
Wait for them to ask you who you know
Please don't make any sudden moves
You don't know the half of the abuse

All my friends are heathens, take it slow (Watch it)
Wait for them to ask you who you know (Watch it)
Please, all my friends are heathens, take it slow (Watch it)
Wait for them to ask you who you know

Why'd you come? You knew you should have stayed (It's blasphemy)
I tried to warn you just to stay away (Wouldn't listen to me)
And now they're outside, ready to bust (And guess what?)
It looks like you might be one of us"
blackbear,hot girl bummer,2019,Alternative Rock,"Fuck you, and you, and you
I hate your friends and they hate me too
I'm through, I'm through, I'm through
This that hot girl bummer anthem
Turn it up and throw a tantrum

This that hot girl bummer anthem
Turn it up and throw a tantrum
This that throw up in your Birkin bag
Hook up with someone random
This that social awkward suicide
That buy your lips and buy your likes
I swear she had a man
But shit hit different when it's Thursday night

That college dropout music
Every day leg day, she be too thick
And my friends are all annoying
But we go dumb, yeah, we go stupid
This that 10K on the table
Just so we can be secluded
And the vodka came diluted
One more line, I'm superhuman

Fuck you, and you, and you
I hate your friends and they hate me too
I'm through, I'm through, I'm through
This that hot girl bummer anthem
Turn it up and throw a tantrum
Fuck you, and you, and you
I hate your friends and they hate me too
Fuck you, and you, and you
This that hot girl bummer anthem
Turn it up and throw a tantrum

This that hot girl bummer two-step
They can't box me in, I'm too left
This that drip, it's more like oceans
They can't fit me in a Trojan
Out of pocket, but I'm always in my bag
Yeah, that's the slogan
This that, ""Who's all there?""
I'm pullin' up wit' a emo chick that's broken

This that college dropout music
Every day leg day, she be too thick
And my friends are all annoying
But we go dumb, yeah, we go stupid
This that 10K on the table
Just so we can be secluded
And the vodka came diluted
One more line, I'm superhuman

Fuck you, and you, and you
I hate your friends and they hate me too
I'm through, I'm through, I'm through
This that hot girl bummer anthem
Turn it up and throw a tantrum
Fuck you, and you, and you
I hate your friends and they hate me too
Fuck you, and you, and you
This that hot girl bummer anthem
Turn it up and throw a tantrum

This that college dropout music
Every day leg day, she be too thick
And my friends are all annoying
But we go dumb, yeah, we go stupid
This that college dropout music
Every day leg day, she be too thick
And my friends are all annoying
But we go dumb, yeah, we go stupid
We go stupid, we go stupid, we go—
And you want me to change? Fuck you!

Fuck you, and you, and you
I hate your friends and they hate me too
I'm through, I'm through, I'm through
This that hot girl bummer anthem
Turn it up and throw a tantrum
Fuck you, and you, and you
I hate your friends and they hate me too
Fuck you, and you, and you
This that hot girl bummer anthem
Turn it up and throw a tantrum"
Shawn Mendes,There’s Nothing Holdin’ Me Back,2017,Alternative Rock,"I wanna follow where she goes
I think about her and she knows it
I wanna let her take control
'Cause every time that she gets close, yeah

She pulls me in enough to keep me guessin', mmm
And maybe I should stop and start confessin', confessin', yeah

Oh, I've been shakin'
I love it when you go crazy
You take all my inhibitions
Baby, there's nothin' holdin' me back
You take me places that tear up my reputation
Manipulate my decisions
Baby, there's nothin' holdin' me back

There's nothin' holdin' me back
There's nothin' holdin' me back

She says that she's never afraid
Just picture everybody naked
She really doesn't like to wait
Not really into hesitation

Pulls me in enough to keep me guessin', woah
And maybe I should stop and start confessin', confessin', yeah

Oh, I've been shakin'
I love it when you go crazy
You take all my inhibitions
Baby, there's nothin' holdin' me back
You take me places that tear up my reputation
Manipulate my decisions
Baby, there's nothin' holdin' me back

There's nothin' holdin' me back

'Cause if we lost our minds and we took it way too far
I know we'd be all right, I know we would be all right
If you were by my side and we stumbled in the dark
I know we'd be all right, I know we would be all right
'Cause if we lost our minds and we took it way too far
I know we'd be all right, I know we would be all right
If you were by my side, we stumbled in the dark
I know we'd be all right, we would be all right

Oh, I've been shakin'
I love it when you go crazy
You take all my inhibitions
Baby, there's nothin' holdin' me back
You take me places that tear up my reputation
Manipulate my decisions
Baby, there's nothin' holdin' me back

(Oh, woah)
There's nothin' holdin' me back
I feel so free when you're with me, baby
Baby, there's nothin' holdin' me back"
Olivia Rodrigo,deja vu,2021,Alternative Rock,"Car rides to Malibu
Strawberry ice cream, one spoon for two
And tradin' jackets
Laughin’ 'bout how small it looks on you
(Ha-ha-ha-ha, ha-ha-ha-ha-ha, ha-ha-ha-ha)
Watching reruns of 
Glee
Bein' annoying, singin’ in harmony
I bet she's braggin' to all her friends, sayin' you're so unique, hmm

So when you gonna tell her that we did that, too?
She thinks it's special, but it's all reused
That was our place, I found it first
I made the jokes you tell to her when she's with you
Do you get déjà vu when she’s with you?
Do you get déjà vu? (Ah) Hmm
Do you get déjà vu, huh?

Do you call her, almost say my name?
’Cause let's be honest, we kinda do sound the same
Another actress
I hate to think that I was just your type
And I bet that she knows Billy Joel
’Cause you played her ""Uptown Girl""
You're singin' it together
Now I bet you even tell her how you love her
In between the chorus and the verse (Ooh; I love you)

So when you gonna tell her that we did that, too?
She thinks it's special, but it’s all reused
That was the show we talked about
Played you the songs she's singing now when she's with you
Do you get déjà vu when she's with you?
Do you get déjà vu? (Oh-oh)
Do you get déjà vu?

Strawberry ice cream in Malibu
Don't act like we didn't do that shit, too
You're tradin' jackets like we used to do
(Yeah, everything is all reused)
Play her piano, but she doesn't know (Oh, oh)
That I was the one who taught you Billy Joel (Oh)
A different girl now, but there's nothing new

I know you get déjà vu
I know you get déjà vu
I know you get déjà vu"
Olivia Rodrigo,good 4 u,2021,Alternative Rock,"(Ah)

Well, good for you, I guess you moved on really easily
You found a new girl and it only took a couple weeks
Remember when you said that you wanted to give me the world?
(World)
And good for you, I guess that you've been workin' on yourself
I guess that therapist I found for you, she really helped
Now you can be a better man for your brand-new girl (Girl)

Well, good for you
You look happy and healthy, not me
If you ever cared to ask
Good for you
You're doin' great out there without me, baby
God, I wish that I could do that
I've lost my mind, I've spent the night
Cryin' on the floor of my bathroom
But you're so unaffected, I really don't get it
But I guess good for you

Well, good for you, I guess you're gettin' everything you want (Ah)
You bought a new car and your career's really takin' off (Ah)
It's like we never even happened
Baby, what the fuck is up with that? (Ah)
And good for you, it's like you never even met me
Remember when you swore to God I was the only
Person who ever got you? Well, screw that, and screw you
You will never have to hurt the way you know that I do

Well, good for you
You look happy and healthy, not me
If you ever cared to ask
Good for you
You're doin' great out there without me, baby
God, I wish that I could do that
I've lost my mind, I've spent the night
Cryin' on the floor of my bathroom
But you're so unaffected, I really don't get it
But I guess good for you

(Ah-ah-ah-ah)
(Ah-ah-ah-ah)

Maybe I'm too emotional
But your apathy's like a wound in salt
Maybe I'm too emotional
Or maybe you never cared at all
Maybe I'm too emotional
Your apathy is like a wound in salt
Maybe I'm too emotional
Or maybe you never cared at all

Well, good for you
You look happy and healthy, not me
If you ever cared to ask
Good for you
You're doin' great out there without me, baby
Like a damn sociopath
I've lost my mind, I've spent the night
Cryin' on the floor of my bathroom
But you're so unaffected, I really don't get it
But I guess good for you

Well, good for you, I guess you moved on really easily"
Oasis,Wonderwall,1995,Alternative Rock,"Today is gonna be the day
That they're gonna throw it back to you
By now, you should've somehow
Realised what you gotta do
I don't believe that anybody
Feels the way I do about you now

Backbeat, the word is on the street
That the fire in your heart is out
I'm sure you've heard it all before
But you never really had a doubt
I don't believe that anybody
Feels the way I do about you now

And all the roads we have to walk are winding
And all the lights that lead us there are blinding
There are many things that I would like to say to you
But I don't know how

Because maybe
You're gonna be the one that saves me
And after all
You're my wonderwall

Today was gonna be the day
But they'll never throw it back to you
By now, you should've somehow
Realised what you're not to do
I don't believe that anybody
Feels the way I do about you now

And all the roads that lead you there were winding
And all the lights that light the way are blinding
There are many things that I would like to say to you
But I don't know how

I said maybe
You're gonna be the one that saves me
And after all
You're my wonderwall
I said maybe (I said maybe)
You're gonna be the one that saves me
And after all
You're my wonderwall

I said maybe (I said maybe)
You're gonna be the one that saves me (That saves me)
You're gonna be the one that saves me (That saves me)
You're gonna be the one that saves me (That saves me)"
Paramore,Still into You,2013,Alternative Rock,"Can't count the years on one hand that we've been together
I need the other one to hold you, make you feel, make you feel better
It's not a walk in the park to love each other
But when our fingers interlock, can't deny, can't deny you're worth it

'Cause after all this time
I'm still into you

I should be over all the butterflies
But I'm into you (I'm into you)
And, baby, even on our worst nights
I'm into you (I'm into you)
Let 'em wonder how we got this far
'Cause I don't really need to wonder at all
Yeah, after all this time
I'm still into you

Recount the night that I first met your mother
And on the drive back to my house, I told you that, I told you that I loved ya
You felt the weight of the world fall off your shoulder
And to your favorite song, we sang along to the start of forever

And after all this time
I'm still into you

I should be over all the butterflies
But I'm into you (I'm into you)
And, baby, even on our worst nights
I'm into you (I'm into you)
Let 'em wonder how we got this far
'Cause I don't really need to wonder at all
Yeah, after all this time
I'm still into you

Some things just, some things just make sense
And one of those is you and I (Hey)
Some things just, some things just make sense
And even after all this time (Hey)
I'm into you
Baby, not a day goes by that I'm not into you

I should be over all the butterflies
But I'm into you (I'm into you)
And, baby, even on our worst nights
I'm into you (I'm into you)
Let 'em wonder how we got this far
'Cause I don't really need to wonder at all
Yeah, after all this time
I'm still into you
I'm still into you
I'm still into you"
Linkin Park,In the End,2000,Alternative Rock,"It starts with one

One thing, I don't know why
It doesn't even matter how hard you try
Keep that in mind, I designed this rhyme
To explain in due time, all I know
Time is a valuable thing
Watch it fly by as the pendulum swings
Watch it count down to the end of the day
The clock ticks life away, 
it's so unreal
Didn't look out below
Watch the time go right out the window
Tryin' to hold on, d-didn't even know
I wasted it all just to watch you go

I kept everything inside
And even though I tried, it all fell apart
What it meant to me will eventually be
A memory of a time when I tried so hard

I tried so hard and got so far
But in the end, it doesn't even matter
I had to fall to lose it all
But in the end, it doesn't even matter

One thing, I don't know why
It doesn't even matter how hard you try
Keep that in mind, I designed this rhyme
To remind myself how I tried so hard
In spite of the way you were mockin' me
Actin' like I was part of your property
Remembering all the times you fought with me
I'm surprised it got so far
Things aren't the way they were before
You wouldn't even recognize me anymore
Not that you knew me back then
But it all comes back to me in the end

You kept everything inside
And even though I tried, it all fell apart
What it meant to me will eventually be
A memory of a time when I tried so hard

I tried so hard and got so far
But in the end, it doesn't even matter
I had to fall to lose it all
But in the end, it doesn't even matter

I've put my trust in you
Pushed as far as I can go
For all this, there's only one thing you should know
I've put my trust in you
Pushed as far as I can go
For all this, there's only one thing you should know

I tried so hard and got so far
But in the end, it doesn't even matter
I had to fall to lose it all
But in the end, it doesn't even matter"
Olivia Rodrigo,vampire,2023,Alternative Rock,"Hate to give the satisfaction asking how you're doing now
How's the castle built off people you pretend to care about?
Just what you wanted
Look at you, cool guy, you got it
I see the parties and the diamonds sometimes when I close my eyes
Six months of torture you sold as some forbidden paradise
I loved you truly
You gotta laugh at the stupidity

'Cause I've made some real big mistakes
But you make the worst one look fine
I should've known it was strange
You only come out at night
I used to think I was smart
But you made me look so naive
The way you sold me for parts
As you sunk your teeth into me, oh
Bloodsucker, fame fucker
Bleedin' me dry like a goddamn vampire

And every girl I ever talked to told me you were bad, bad news
You called them crazy, God, I hate the way I called them crazy too
You're so convincing
How do you lie without flinching? (How do you lie? How do you lie? How do you lie?)
Ooh, what a mesmerizing, paralyzing, fucked up little thrill
Can't figure out just how you do it and God knows I never will
Went for me and not her
'Cause girls your age know better

I've made some real big mistakes
But you make the worst one look fine
I should've known it was strange
You only come out at night
I used to think I was smart
But you made me look so naive
The way you sold me for parts
As you sunk your teeth into me, oh
Bloodsucker, fame fucker
Bleedin' me dry like a goddamn vampire

(Ah)
You said it was true love, but wouldn't that be hard?
You can't love anyone 'cause that would mean you had a heart
I tried to help you out, now I know that I can't
'Cause how you think's the kind of thing I'll never understand

I've made some real big mistakes
But you make the worst one look fine
I should've known it was strange
You only come out at night
I used to think I was smart
But you made me look so naive
The way you sold me for parts
As you sunk your teeth into me, oh
Bloodsucker, fame fucker
Bleedin' me dry like a goddamn vampire"
Gorillaz,Feel Good Inc.,2005,Alternative Rock,"Ha-ha-ha-ha-ha-ha-ha-ha-ha-ha-ha-ha
Feel good
Sha-ba, sha-ba, sha-ba-da-ba, feel good
Sha-ba, sha-ba, sha-ba-da-ba, feel good
Sha-ba, sha-ba, sha-ba-da-ba, feel good
Sha-ba, sha-ba, sha-ba-da-ba, feel good
Sha-ba, sha-ba, sha-ba-da-ba, feel good
Sha-ba, sha-ba, sha-ba-da-ba, feel good
(Change, change, change, change)
Sha-ba, sha-ba, sha-ba-da-ba, feel good
(Change, change, change, change)
Sha-ba, sha-ba, sha-ba-da-ba, feel good

City's breaking down on a camel's back
They just have to go, 'cause they don't know wack
So all ya fill the streets, it's appealing to see
You won't get undercounted 'cause you're damn-ass free
You got a new horizon, it's ephemeral style
A melancholy town where we never smile
And all I wanna hear is the message beep
My dreams, they gotta kiss because I don't get sleep, no
*Beep
*

Windmill, windmill for the land
Turn forever, hand in hand
Take it all in on your stride
It is ticking, falling down
Love forever, love is free
Let's turn forever, you and me
Windmill, windmill for the land
Is everybody in?

Laughin' gas, these hazmats, fast cats
Linin' 'em up like ass cracks
Play these ponies at the track
It's my chocolate attack
Shit, I'm steppin' in the heart of this here (Yeah)
Care Bear repping in harder this year (Yeah)
Watch me as I gravitate, ha-ha-ha-ha-ha!
Yo, we gon' ghost town this Motown
With yo' sound, you in the blink
Gon' bite the dust, can't fight with us
With yo' sound, you kill the Inc
So don't stop, get it, get it (Get it)
Until you're cheddar headed
And watch the way I navigate, ha-ha-ha-ha-ha
(Ha! Ha-ha! Ha-ha! Ha-ha! Ha!)
(Ha-ha-ha! Haa!)
(Ha-ha-ha-ha-ha! Haa!)
(Ha-ha-ha-ha-ha-ha-ha-ha! Haa!)
(Ha-ha-ha-ha-ha-ha-ha-ha!)

Sha-ba, sha-ba, sha-ba-da-ba, feel good
Sha-ba, sha-ba, sha-ba-da-ba, feel good
Sha-ba, sha-ba, sha-ba-da-ba, feel good
Sha-ba, sha-ba, sha-ba-da-ba, feel good


Windmill, windmill for the land
Turn forever, hand in hand
Take it all in on your stride
It is ticking, falling down
Love forever, love is free
Let's turn forever, you and me
Windmill, windmill for the land
Is everybody in?

Don't stop, get it, get it, peep how your captain's in it
(Sha-ba, sha-ba, sha-ba-da-ba, feel good)
Steady, watch me navigate, ha-ha-ha-ha-ha!
(Sha-ba, sha-ba, sha-ba-da-ba, feel good)
Don't stop, get it, get it, peep how your captain's in it
(Sha-ba, sha-ba, sha-ba-da-ba, feel good)
Steady, watch me navigate, ha-ha-ha-ha-ha!
(Sha-ba, sha-ba, sha-ba-da-ba, feel good)
Sha-ba, sha-ba, sha-ba-da-ba, feel good (Haa-ha-ha!)
Sha-ba, sha-ba, sha-ba-da-ba, feel good (Haa-ha-ha!)
Sha-ba, sha-ba, sha-ba-da-ba, feel good (Haa-ha-ha-ha-ha!)
Sha-ba, sha-ba, sha-ba-da-ba, feel good (Haa-ha-ha-ha-ha-ha!)"
Taylor Swift,But Daddy I Love Him,2024,Alternative Rock,"I forget how the West was won
I forget if this was ever fun
I just learned these people only raise you
To cage you
Sarahs and Hannahs in their Sunday best
Clutchin' their pearls, sighing, ""What a mess""
I just learned these people try and save you
'Cause they hate you

Too high a horse
For a simple girl
To rise above it
They slammed the door
On my whole world
The one thing I wanted

Now I'm runnin' with my dress unbuttoned
Scrеamin', ""But, Daddy, I love him""
I'm havin' his baby
No, I'm not, but you should see your faces
I'm tellin' him to floor it through thе fences
No, I'm not coming to my senses
I know he's crazy, but he's the one I want

Dutiful daughter, all my plans were laid
Tendrils tucked into a woven braid
Growin' up precocious sometimes means
Not growin' up at all
He was chaos, he was revelry
Bedroom eyes like a remedy
Soon enough, the elders had convened
Down at the city hall

""Stay away from her""
The saboteurs
Protested too much
Lord knows the words
We never heard
Just screeching tires and true love

And I'm runnin' with my dress unbuttoned
Screamin', ""But, Daddy, I love him""
I'm havin' his baby
No, I'm not, but you should see your faces
I'm tellin' him to floor it through the fences
No, I'm not coming to my senses
I know he's crazy, but he's the one I want

I'll tell you something right now
I'd rather burn my whole life down
Than listen to one more second of all this bitchin' and moanin'
I'll tell you something 'bout my good name
It's mine alone to disgrace
I don't cater to all these vipers dressed in empath's clothing

God save the most judgmental creeps
Who say they want what's best for me
Sanctimoniously performing soliloquies I'll never see
Thinkin' it can change the beat
Of my heart when he touches me
And counteract the chemistry
And undo the destiny
You ain't gotta pray for me
Me and my wild boy and all of this wild joy
If all you want is gray for me
Then it's just white noise, and it's just my choice

There's a lot of people in town that I
Bestow upon my fakest smiles
Scandal does funny things to pride, but brings lovers closer
We came back when the heat died down
Went to my parents and they came around
All the wine moms are still holdin' out, but fuck 'em, it's over

Now I'm dancin' in my dress in the sun and
Even my daddy just loves him
I'm his lady
And, oh my God, you should see your faces
Time, doesn't it give some perspective?
And, no, you can't come to the wedding
I know it's crazy, but he's the one I want

I'll tell you something right now
You ain't gotta pray for me
Me and my wild boy and all of this wild joy
(He was chaos, he was revelry)
If all you want is gray for me
Then it's just white noise, and it's my choice

Screamin', ""But, Daddy, I love him""
I'm having his baby
No, I'm not
But you should see your faces
But, oh my God, you should see your faces
(He was chaos, he was revelry)
(He was chaos, he was revelry)"
The Neighbourhood,Sweater Weather,2012,Alternative Rock,"And all I am is a man
I want the world in my hands
I hate the beach, but I stand
In California with my toes in the sand
Use the sleeves of my sweater, let's have an adventure
Head in the clouds, but my gravity's centered
Touch my neck and I'll touch yours
You in those little high-waisted shorts, oh

She knows what I think about
And what I think about
One love, two mouths
One love, one house
No shirt, no blouse
Just us, you find out
Nothing that I wouldn't wanna tell you about, no

'Cause it's too cold for you here and now
So let me hold both your hands in the holes of my sweater

And if I may just take your breath away
I don't mind if there's not much to say
Sometimes the silence guides a mind
To move to a place so far away
The goosebumps start to raise
The minute that my left hand meets your waist
And then I watch your face
Put my finger on your tongue 'cause you love the taste, yeah
These hearts adore
Everyone the other beats hardest for
Inside, this place is warm
Outside, it starts to pour

Comin' down
One love, two mouths
One love, one house
No shirt, no blouse
Just us, you find out
Nothin' that I wouldn't wanna tell you about
No, no, no

'Cause it's too cold for you here and now
So let me hold both your hands in the holes of my sweater
'Cause it's too cold for you here and now
So let me hold both your hands in the holes of my sweater
Woah

Woah, woah, woah
Woah, woah, woah, woah
Woah, woah
Woah, woah, woah, woah
Woah, woah

'Cause it's too cold for you here and now
So let me hold both your hands in the holes of my sweater
'Cause it's too cold for you here and now
Let me hold both your hands in the holes of my sweater

And it's too cold, it's too cold
The holes of my sweater"
Nirvana,Come as You Are,1991,Alternative Rock,"Come as you are, as you were
As I want you to be
As a friend, as a friend
As an old enemy
Take your time, hurry up
Choice is yours, don't be late
Take a rest as a friend
As an old memoria

Memoria
Memoria
Memoria

Come doused in mud, soaked in bleach
As I want you to be
As a trend, as a friend
As an old memoria

Memoria
Memoria
Memoria

And I swear that I don't have a gun
No, I don't have a gun
No, I don't have a gun


'Ria
Memoria
Memoria
Memoria (No, I don't have a gun)

Well, I swear that I don't have a gun
No, I don't have a gun
No, I don't have a gun
No, I don't have a gun
No, I don't have a gun

(Memoria)
(Memoria)"
Arctic Monkeys,505,2007,Alternative Rock,"I'm going back to 505
If it's a seven hour flight or a forty-five minute drive
In my imagination, you're waitin' lyin' on your side
With your hands between your thighs

Stop and wait a sec
And when you look at me like that, my darlin'
What did you expect?
I'd probably still adore you
With your hands around my neck
Or I did last time I checked
Not shy of a spark
The knife twists at the thought
That I should fall short of the mark
Frightened by the bite, though
It's no harsher than the bark
The middle of adventure
Such a perfect place to start

I'm going back to 505
If it's a seven hour flight or a forty-five minute drive
In my imagination, you're waitin' lyin' on your side
With your hands between your thighs

But I crumble completely when you cry
It seems like once again you've had to greet me with goodbye
I'm always just about to go and spoil the surprise
Take my hands off of your eyes too soon

I'm going back to 505
If it's a seven hour flight or a forty-five minute drive
In my imagination, you're waitin' lyin' on your side
With your hands between your thighs and a smile"
Taylor Swift,So High School,2024,Alternative Rock,"I feel so high school every time I look at you
I wanna find you in a crowd just to hide from you

And in the blink of a crinklin' eye
I'm sinkin', our fingers entwined
Cheeks pink in the twinklin' lights
Tell me 'bout the first time you saw me
I'll drink what you think and I'm high
From smokin' your jokes all damn night
The brink of a wrinkle in time
Bittersweet sixteen suddenly

I'm watchin' 
American Pie
 with you on a Saturday night
Your friends are around, so be quiet
I'm tryin' to stifle my sighs
'Cause I feel so high school every time I look at you
But look at you

Ah-ah, ah-ah, ah

Are you gonna marry, kiss, or kill me? (Kill me)
It's just a game, but really (Really)
I'm bettin' on all three (All three) for us two
Get my car door, isn't that sweet? (That sweet)
Then pull mе to the back seat (The back sеat)
No one's ever had me (Had me), not like you

Truth, dare, spin bottles
You know how to ball, I know Aristotle
Brand new, full throttle
Touch me while your bros play 
Grand Theft Auto
It's true, swear, scout's honor
You knew what you wanted and, boy, you got her
Brand new, full throttle
You already know, babe

I feel like laughin' in the middle of practice
Do that impression you did of your dad again
I'm hearing voices like a madman

And in the blink of a crinklin' eye
I'm sinkin', our fingers entwined
Cheeks pink in the twinklin' lights
Tell me 'bout the first time you saw me
I'll drink what you think and I'm high
From smokin' your jokes all damn night
The brink of a wrinkle in time
Bittersweet sixteen suddenly

I'm watchin' American Pie with you on a Saturday night
Your friends are around, so be quiet
I'm tryin' to stifle my sighs
'Cause I feel so high school (I feel so high school) every time I look at you
But look at you

Truth, dare, spin bottles (Yeah)
You know how to ball, I know Aristotle
Brand new, full throttle (Yeah)
Touch me while your bros play Grand Theft Auto
It's true, swear, scout's honor (Yeah)
You knew what you wanted and, boy, you got her
Brand new, full throttle (Yeah)
You already know, babe
You already know, babe"
Mazzy Star,Fade into You,1993,Alternative Rock,"I wanna hold the hand inside you
I wanna take the breath that's true
I look to you and I see nothing
I look to you to see the truth
You live your life, you go in shadows
You'll come apart and you'll go blind
Some kind of night into your darkness
Colors your eyes with what's not there

Fade into you
Strange you never knew
Fade into you
I think it's strange you never knew


A stranger light comes on slowly
A stranger's heart without a home
You put your hands into your head
And then its smiles cover your heart

Fade into you
Strange you never knew
Fade into you
I think it's strange you never knew
Fade into you
Strange you never knew
Fade into you
I think it's strange you never knew

I think it's strange you never knew"
Taylor Swift,Guilty as Sin?,2024,Alternative Rock,"Drownin' in the Blue Nile
He sent me ""Downtown Lights""
I hadn't heard it in a while
My boredom's bone-deep
This cage was once just fine
Am I allowed to cry?
I dream of crackin' locks
Throwin' my life to the wolves or the ocean rocks
Crashin' into him tonight, he's a paradox
I'm seeing visions
Am I bad or mad or wise?

What if he's written ""mine"" on my upper thigh only in my mind?
One slip and fallin' back into the hedge maze
Oh, what a way to die
I keep recalling things we never did
Messy top-lip kiss, how I long for our trysts
Without ever touchin' his skin
How can I be guilty as sin?

I keep these longings lockеd
In lowercase, inside a vault
Somеone told me, ""There's no such thing as bad thoughts
Only your actions talk""
These fatal fantasies
Giving way to labored breath, takin' all of me
We've already done it in my head
If it's make-believe
Why does it feel like a vow we'll both uphold somehow?

What if he's written ""mine"" on my upper thigh only in my mind?
One slip and fallin' back into the hedge maze
Oh, what a way to die
My bed sheets are ablaze
I've screamed his name
Buildin' up like waves crashin' over my grave
Without ever touchin' his skin
How can I be guilty as sin?

What if I roll the stone away?
They're gonna crucify me anyway
What if the way you hold me is actually what's holy?
If long-suffering propriety is what they want from me
They don't know how you've haunted me so stunningly
I choose you and me religiously

What if he's written ""mine"" on my upper thigh only in my mind?
One slip and fallin' back into the hedge maze
Oh, what a way to die
I keep recalling things we never did
Messy top-lip kiss, how I long for our trysts
Without ever touchin' his skin
How can I be guilty as sin?

He sent me ""Downtown Lights""
I hadn't heard it in a while
Am I allowed to cry?"
The Weeknd,Wicked Games,2011,Alternative Rock,"Woah, woah, ehh

I left my girl back home
I don't love her no more
And she'll never fucking know that
These fucking eyes that I'm staring at
Let me see that ass
Look at all this cash
And I emptied out my cards too
Now I'm fucking leaning on that

Bring your love, baby, I could bring my shame
Bring the drugs, baby, I could bring my pain
I got my heart right here
I got my scars right here
Bring the cups, baby, I could bring the drank
Bring your body, baby, I could bring you fame
And that's my motherfucking words too
Just let me motherfucking love you

Listen, ma, I'll give you all I got
Get me off of this, I need confidence in myself (Yeah, yeah, yeah, ohh, yeah)
Ohh, listen, ma, I'll give you all of me
Give me all of it, I need all of it to myself (Woah, woah)
So tell me you love me
(Only for tonight, only for the night)
Even though you don't love me (Ohh, ohh)
Just tell me you love me
(I'll give you what I need, I'll give you all of me) (Oh, oh, yeah)
Even though you don't love me (Ohh, yeah, yeah, ohh, yeah, yeah)

Let me see you dance
I love to watch you dance
Take you down another level
And get you dancing with the Devil
Take a shot of this
But I'm warning you
I'm on that shit that you can't smell, baby
So, put down your perfume

Bring your love, baby, I could bring my shame
Bring the drugs, baby, I could bring my pain
Oh, I got my heart right here
Oh, I got my scars right here
Bring the cups, baby, I could bring the drank
Bring your body, baby, I could bring you fame
And that's my motherfucking words too, ayy
So let me motherfucking love you

Listen, ma, I'll give you all I got
Get me off of this (off of this), I need confidence (confidence)  in myself (Ooh, eh, ehh)
Listen, ma, I'll give you all of me (Ooh)
Give me all of it, I need all of it to myself (I need all of it)
So tell me you love me, yeah
(Only for tonight, only for the night)
Even though you don't love me (Ohh, ohh)
Just tell me you love me
(I'll give you what I need, I'll give you all of me)
Even though you don't love me (Ohh, ohh)
Ohh"
Imagine Dragons,Demons,2013,Alternative Rock,"When the days are cold and the cards all fold
And the saints we see are all made of gold
When your dreams all fail and the ones we hail
Are the worst of all, and the blood's run stale

I wanna hide the truth, I wanna shelter you
But with the beast inside, there's nowhere we can hide
No matter what we breed, we still are made of greed
This is my kingdom come, this is my kingdom come

When you feel my heat, look into my eyes
It's where my demons hide, it's where my demons hide
Don't get too close, it's dark inside
It's where my demons hide, it's where my demons hide

At the curtain's call it's the last of all
When the lights fade out, all the sinners crawl
So they dug your grave and the masquerade
Will come calling out at the mess you've made

Don't wanna let you down, but I am hell-bound
Though this is all for you, don't wanna hide the truth
No matter what we breed, we still are made of greed
This is my kingdom come, this is my kingdom come

When you feel my heat, look into my eyes
It's where my demons hide, it's where my demons hide
Don't get too close, it's dark inside
It's where my demons hide, it's where my demons hide

They say it's what you make, I say it's up to fate
It's woven in my soul, I need to let you go
Your eyes, they shine so bright, I wanna save that light
I can't escape this now, unless you show me how

When you feel my heat, look into my eyes
It's where my demons hide, it's where my demons hide
Don't get too close, it's dark inside
It's where my demons hide, it's where my demons hide"
Taylor Swift,Florida!!!,2024,Alternative Rock,"You can beat the heat if you beat the charges too
They said I was a cheat, I guess it must be true
And my friends all smell like weed or little babies
And this city reeks of driving myself crazy

Little did you know your home's really only
A town you're just a guest in
So you work your life away just to pay
For a time-share down in Destin

Florida
Is one hell of a drug
Florida
Can I use you up?

The hurricane with my name when it came
I got drunk and I dared it to wash me away
Barricaded in the bathroom with a bottle of wine
Well, me and my ghosts, wе had a hell of a time
Yes, I'm hauntеd, but I'm feeling just fine
All my girls got their lace and their crimes
And your cheating husband disappeared, well
No one asks any questions here
So I did my best to lay to rest
All of the bodies that have ever been on my body
And in my mind, they sink into the swamp
Is that a bad thing to say in a song?

Little did you know your home's really only
The town you'll get arrested
So you pack your life away just to wait out
The shitstorm back in Texas

Florida
Is one hell of a drug
Florida
Can I use you
 up?

I need to forget, so take me to Florida
I've got some regrets, I'll bury them in Florida
Tell me I'm despicable, say it's unforgivable
At least the dolls are beautiful, fuck me up, Florida
I need to forget, so take me to Florida
I've got some regrets, I'll bury them in Florida
Tell me I'm despicable, say it's unforgivable
What a crash, what a rush, fuck me up, Florida
It's one hell of a drug
It's one hell of a drug
Love left me like this and I don't want to exist
So take me to Florida

Little did you know your home's really only
A town you're just a guest in (Florida)
So you work your life away just to pay
For a time-share down in 
Destin (Take me to Florida)
Little did you know your home's really only
The town you'll get arrested (Florida)
So you pack your life away just to wait out
The shitstorm back in Texas

Florida
Is one hell of a drug
(
Take me to
) Florida
Can I use you up?
Florida
Is one hell of a drug
Florida
Go on, fuck me up"
Taylor Swift,Elizabeth Taylor,2025,Alternative Rock,"Elizabeth Taylor
Do you think it's forever?

That view of Portofino was on my mind when you called me at the Plaza Athénée
Ooh-ooh, oftentimes it doesn't feel so glamorous to be me
All the right guys promised they'd stay
Under bright lights, they withered away
But you bloom
Portofino was on my mind (And I think you know why)

And if your letters ever said, ""Goodbye""

I'd cry my eyes violet, Elizabeth Taylor
Tell me for real, do you think it's forever?
Been number one, but I never had two
And I can't have fun if I can't have— (Uh)
Be my NY whеn Hollywood hates me
You're only as hot as your last hit, baby
Been numbеr one, but I never had two
And I can't have fun if I can't have you

Hey-ey, what could you possibly get for the girl who has everything and nothing all at once?
Babe, I would trade the Cartier for someone to trust (Just kidding)
We hit the best booth at Musso and Frank's
They say I'm bad news, I just say, ""Thanks""
And you
Look at me like you're hypnotized, and I think you know why

And if you ever leave me high and dry

I'd cry my eyes violet, Elizabeth Taylor
Tell me for real, do you think it's forever?
Been number one, but I never had two
And I can't have fun if I can't have— (Uh)
Be my NY when Hollywood hates me
You're only as hot as your last hit, baby
Been number one, but I never had two
And I can't have fun if I can't have (Uh) you

Elizabeth Taylor (Oh)
Do you think it's forever? (Oh)
If I can't have you

(Ah) All my white diamonds and lovers are forever
(Ah) In the papers, on the screen, and in their minds
(Ah) All my white diamonds and lovers are forever
(Ah) Don't you ever end up anything but mine

I'd cry my eyes violet, Elizabeth Taylor
Tell me for real, do you think it's forever?
Been number one, but I never had two
And I can't have fun if I can't have— (You)
Be my NY when Hollywood hates me
You're only as hot as your last hit, baby
Been number one, but I never had two
And I can't have fun if I can't have— (You)

All my white diamonds and lovers are forever (Elizabeth Taylor)
(Do you think it's forever?) In the papers, on the screen, and in their minds
All my white diamonds and lovers are forever
Don't you ever end up anything but mine, oh"
The 1975,Somebody Else,2016,Alternative Rock,"So I heard you found somebody else
And at first, I thought it was a lie
I took all my things that make sounds
The rest I can do without

I don't want your body
But I hate to think about you with somebody else
Our love has gone cold
You're intertwining your soul with somebody else
I'm looking through you
While you're looking through your phone
And then leaving with somebody else
No, I don't want your body
But I'm picturing your body with somebody else (Else, else...)

I don't want your body, I don't want your body
I don't want your body, I don't want your body
I don't want your body, I don't want your body
I don't want your body, I don't want your body

And c'mon baby (I know)
This ain't the last time that I'll see your face
And c'mon baby (I know)
You said you'd find someone to take my place (Place, place)
I just don't believe that you have got it in you
'Cause we are just gonna keep “Doin' it” and every time
I start to believe in anything you're saying
I'm reminded that I should be gettin' over it

I don't want your body
But I hate to think about you with somebody else
Our love has gone cold
You're intertwining your soul with somebody else
I'm looking through you
While you're looking through your phone
And then leaving with somebody else
No, I don't want your body
But I'm picturing your body with somebody else (Else, else...)

I don't want your body, I don't want your body
I don't want your body, I don't want your body
I don't want your body, I don't want your body
I don't want your body, I don't want your body

Get someone you love?
Get someone you need?
Fuck that, get money
I can't give you my soul, 'cause we're never alone
Get someone you love?
Get someone you need?
Fuck that, get money
I can't give you my soul, 'cause we're never alone
Get someone you love?
Get someone you need?
Fuck that, get money
I can't give you my soul, 'cause we're never alone
Get someone you love?
Get someone you need?
Fuck that, get money
I can't give you my soul, 'cause we're never alone

I don't want your body (I don't want your body)
But I hate to think about you with somebody else
(I don't want your body)
Our love has gone cold
You're intertwining your soul with somebody else
(I don't want your body)
I'm looking through you
While you're looking through your phone
And then leaving with somebody else
(I don't want your body)
No, I don't want your body (I don't want your body)
But I'm picturing your body with somebody else
(I don't want your body)"
Shawn Mendes,Treat You Better,2016,Alternative Rock,"I won't lie to you
I know he's just not right for you
And you can tell me if I'm off, but I see it on your face
When you say that he's the one that you want
And you're spending all your time in this wrong situation
And anytime you want it to stop

I know I can treat you better than he can
And any girl like you deserves a gentleman
Tell me, why are we wasting time
On all your wasted cryin'
When you should be with me instead?
I know I can treat you better
Better than he can

I'll stop time for you
The second you say you'd like me to
I just wanna give you the loving that you're missing
Baby, just to wake up with you
Would be everything I need and this could be so different
Tell me what you want to do

'Cause I know I can treat you better than he can
And any girl like you deserves a gentleman
Tell me, why are we wasting time
On all your wasted cryin'
When you should be with me instead?
I know I can treat you better
Better than he can

Better than he can

Give me a sign
Take my hand, we'll be fine
Promise I won't let you down
Just know that you don't
Have to do this alone
Promise I'll never let you down

'Cause I know I can treat you better than he can
And any girl like you deserves a gentleman
Tell me, why are we wasting time
On all your wasted cryin'
When you should be with me instead?
I know I can treat you better
Better than he can

Better than he can
Better than he can"
LP,Lost On You,2015,Alternative Rock,"When you get older, plainer, saner
Will you remember all the danger we came from?
Burnin' like embers, falling, tender
Longing for the days of no surrender, years ago
And will you know?

So smoke 'em if you got 'em 'cause it's goin' down
All I ever wanted was you
I'll never get to heaven 'cause I don't know how
Let's raise a glass or two

To all the things I've lost on you, oh
Tell me, are they lost on you? Oh
Just that you could cut me loose, oh
After everything I've lost on you, is that lost on you?

Oh-oh
Oh, is that lost on you?
Oh-oh
Baby, is that lost on you? Is that lost on you?

Wish that I could see the machinations
Understand the toil of expectations in your mind
Hold me like you never lost your patience
Tell me that you love me more than hate me all the time
And you're still mine

So smoke 'em if you got 'em 'cause it's goin' down
All I ever wanted was you
Let's take a drink of heaven, this can turn around
Let's raise a glass or two

To all the things I've lost on you, oh
Tell me, are they lost on you? Oh
Just that you could cut me loose, oh
After everything I've lost on you, is that lost on you?

Oh-oh
Oh, is that lost on you?
Oh-oh
Baby, is that lost on you? Is that lost on you?

(Lost on you)
(Lost on you)
(Woah, woah, woah)

Let's raise a glass or two

To all the things I've lost on you, oh (Lost on you)
Tell me, are they lost on you? Oh (Lost on, lost on)
Just that you could cut me loose, oh
After everything I've lost on you, is that lost on you?
Is that lost on you?

(Ooh)
(Ooh)
(Ooh)
(Ooh)"
Weezer,Say It Ain’t So,1994,Alternative Rock,"Oh, yeah
Alright

Somebody's Heine
Is crowding my icebox
Somebody's cold one
Is giving me chills
Guess I'll just close my eyes

Oh, yeah
Alright
Feels good
Inside

Flip on the telly
Wrestle with Jimmy
Somethin' is bubblin'
Behind my back
The bottle is ready to blow

Say it ain't so
Your drug is a heartbreaker
Say it ain't so
My love is a life taker

I can't confront you
I never could do
That which might hurt you
So try and be cool
When I say
""This way
Is a water slide away from me that takes you further every day""
So be cool

Say it ain't so
Your drug is a heartbreaker
Say it ain't so
My love is a life taker

Dear daddy, I write you
In spite of years of silence
You've cleaned up, found Jesus
Things are good, or so I hear
This bottle of Steven's
Awakens ancient feelin's
Like father, stepfather
The son is drowning in the flood
Yeah, yeah-yeah, yeah-yeah


Say it ain't so
Your drug is a heartbreaker
Say it ain't so
My love is a life taker"
blink-182,All the Small Things,1999,Alternative Rock,"All the small things
True care, truth brings
I'll take one lift
Your ride, best trip
Always, I know
You'll be at my show
Watching, waiting
Commiserating

Say it ain't so, I will not go
Turn the lights off, carry me home

Na-na, na-na, na-na, na-na, na, na
Na-na, na-na, na-na, na-na, na, na
Na-na, na-na, na-na, na-na, na, na
Na-na, na-na, na-na, na-na, na, na

Late night, come home
Work sucks, I know
She left me roses by the stairs
Surprises let me know she cares

Just say it ain't so, I will not go
Turn the lights off, carry me home

Na-na, na-na, na-na, na-na, na, na
Na-na, na-na, na-na, na-na, na, na
Na-na, na-na, na-na, na-na, na, na
Na-na, na-na, na-na, na-na, na, na


Say it ain't so, I will not go
Turn the lights off, carry me home
Keep your head still, I'll be your thrill
The night will go on, my little windmill

(
Na-na, na-na, na-na, na-na, na, na
)
Say it ain't so, I will not go
(
Na-na, na-na, na-na, na-na, na, na
)
Turn the lights off, carry me home
(
Na-na, na-na, na-na, na-na, na, na
)
Keep your head still, I'll be your thrill
(
Na-na, na-na, na-na, na-na, na, na
)
The night will go on, the night will go on, my little windmill"
Gorillaz,Clint Eastwood,2001,Alternative Rock,"Hoo-hoo-hoo-hoo-hoo

I ain't happy, I'm feeling glad
I got sunshine in a bag
I'm useless, but not for long
The future is coming on
I ain't happy, I'm feeling glad
I got sunshine in a bag
I'm useless, but not for long
The future is coming on
It's coming on, it's coming on (Poof, right)
It's coming on, it's coming on (Yeah, haha)

Finally, someone let me out of my cage
Now time for me is nothing 'cause I'm countin' no age
Nah, I couldn't be there, now you shouldn't be scared
I'm good at repairs (It's all simple) and I'm under each snare
Intangible (Ah, y'all), bet you didn't think, so I command you to
Panoramic view (View?), look, I'll make it all manageable
Pick and choose, sit and lose, all you different crews
Chicks and dudes, who you think is really kickin' tunes?
Picture you getting down in a picture tube
Like you lit the fuse, you think it's fictional?
Mystical? Maybe, spiritual hero
Who appears in you to clear your view (Yeah) when you're too crazy?
Lifeless, to know the definition for what life is
Priceless to you because I put you on the hype shit
You like it? Gun smokin', righteous with one toke
Get psychic among those, possess you with one dose

I ain't happy, I'm feeling glad
I got sunshine in a bag
I'm useless, but not for long
The future is coming on
I ain't happy, I'm feeling glad
I got sunshine in a bag
I'm useless, but not for long
The future is coming on 
(That's right)
It's coming on, it's coming on
It's coming on, it's coming on

The essence, the basics, without it, you naked
Allow me to make this childlike in nature
Rhythm, you have it or you don't, that's a fallacy
I'm in them, every sproutin' tree, every child of peace
Every cloud and sea, you see with your eyes
I see destruction and demise, corruption in disguise 
(That's right)
From this fuckin' enterprise, now I'm sucked into your lies
Through Russel, not his muscles
But percussion he provides for me as a guide, y'all can see me now
'Cause you don't see with your eye, you perceive with your mind
That's the inner (Fuck 'em) so I'ma stick around with Russ and be a mentor
Bust a few rhymes so motherfuckers remember
Where the thought is, I brought all this
So you can survive when law is lawless 
(Right here)
Feelings, sensations that you thought was dead
No squealing and remember that it's all in your head

I ain't happy, I'm feeling glad
I got sunshine in a bag
I'm useless, but not for long
The future is coming on
I ain't happy, I'm feeling glad
I got sunshine in a bag
I'm useless, but not for long
My future is coming on
It's coming on, it's coming on
It's coming on, it's coming on

My future is coming on
It's coming on, it's coming on
It's coming on, it's coming on
My future is coming on
It's coming on, it's coming on
It's coming on, it's coming on
My future is coming on
It's coming on, it's coming on
My future is coming on
It's coming on, it's coming on
My future is coming on
It's coming on, it's coming on
My future"
Bruno Mars,Locked Out of Heaven,2012,Alternative Rock,"(One, two, one, two, three)
Aw, yeah, yeah
Aw, yeah, yeah, yeah, yeah (Uh)
Aw, yeah, yeah
Aw, yeah, yeah, yeah, yeah (Uh)

Never had much faith in love or miracles (Uh)
Never wanna put my heart on the line (Uh)
But swimmin' in your water's somethin' spiritual (Uh)
I'm born again every time you spend the night, —ight (Uh)

'Cause your sex takes me to paradise
Yeah, your sex takes me to paradise
And it shows
Yeah, yeah, yeah

'Cause you make me feel like
I've been locked outta heaven
For too long
For too long
Yeah, you make me feel like
I've been locked outta heaven
For too long
For too long

Aw, yeah, yeah, yeah, yeah (Uh)
Aw, yeah, yeah
Aw, yeah, yeah, yeah, yeah (Uh)

You bring me to my knees, you make me testify (Uh)
You can make a sinner change his ways (Uh)
Open up your gates 'cause I can't wait to see the light (Uh)
And right there is where I wanna stay, —ay (Uh)

'Cause your sex takes me to paradise
Yeah, your sex takes me to paradise
And it shows
Yeah, yeah, yeah

'Cause you make me feel like
I've been locked outta heaven
For too long
For too long
Yeah, you make me feel like
I've been locked outta heaven
For too long
For too long

Oh, woah, woah, woah
Yeah, yeah, yeah
Can I just stay here?
Spend the rest of my days here?
Oh, woah, woah, woah
Yeah, yeah, yeah
Can I just stay here?
Spend the rest of my days here?

'Cause you make me feel like
I've been locked outta heaven
For too long
For too long
Yeah, you make me feel like
I've been locked outta heaven
For too long
For too long

Aw, yeah, yeah, yeah, yeah (Uh)
Aw, yeah, yeah
Aw, yeah, yeah, yeah, yeah (Uh)"
Imagine Dragons,Enemy,2021,Alternative Rock,"Look out for yourself

I wake up to the sounds of the silence that allows
For my mind to run around, with my ear up to the ground
I'm searchin' to behold the stories that are told
When my back is to the world that was smilin' when I turned

Tell you you're the greatest
But once you turn, they hate us

Oh, the misery
Everybody wants to be my enemy
Spare the sympathy
Everybody wants to be my enemy-y-y-y-y
(Look out for yourself)
My enemy-y-y-y-y (Look, look, look, look)
(Look out for yourself)
But I'm ready

Your words up on thе wall as you're prayin' for my fall
And the laughter in thе halls and the names that I've been called
I stack it in my mind, and I'm waitin' for the time
When I show you what it's like to be words spit in a mic

Tell you you're the greatest
But once you turn, they hate us (Ha)

Oh, the misery
Everybody wants to be my enemy
Spare the sympathy
Everybody wants to be my enemy-y-y-y-y (Look, look, look, look)
(Look out for yourself)
My enemy-y-y-y-y (Look, look, look, look; yeah)
(Look out for yourself)

Uh, look, okay
I'm hopin' that somebody pray for me
I'm prayin' that somebody hope for me
I'm stayin' where nobody 'posed to be p-p-posted
Being a wreck of emotions
Ready to go whenever, just let me know
The road is long, so put the pedal into the floor
The enemy on my trail, my energy unavailable
I'ma tell 'em, ""Hasta luego""
They wanna plot on my trot to the top
I been outta shape, thinkin' out the box, I'm an astronaut
I blasted off the planet rock to cause catastrophe
And it matters more because I had it not
Had I thought about wreaking havoc
On an opposition, kinda shockin' they wanted static
With precision, I'm automatic quarterback
I ain't talkin' sackin', pack it
Pack it up, I don't panic, batter-batter up
Who the baddest? It don't matter 'cause we at your throat

Everybody wants to be my enemy
Spare the sympathy (Ah)
Everybody wants to be my enemy
Oh, the misery (Ah)
Everybody wants to be my enemy
Spare the sympathy (Ah)
Everybody wants to be my enemy

Pray it away, I swear I'll never be a saint, no way
My enemy
Pray it away, I swear I'll never be a saint
(Look out for yourself)"
Imagine Dragons,Radioactive,2012,Alternative Rock,"Woah, oh, oh
Woah, oh, oh
Woah, oh, oh
Woah

I'm waking up to ash and dust
I wipe my brow and I sweat my rust
I'm breathing in the chemicals
Uhh, ahh

I'm breaking in, shaping up
Then checking out on the prison bus
This is it, the apocalypse
Woah

I'm waking up, I feel it in my bones
Enough to make my system blow
Welcome to the new age, to the new age
Welcome to the new age, to the new age

Woah-oh-oh, oh, oh, woah-oh-oh, oh, oh
I'm radioactive, radioactive
Woah-oh-oh, oh, oh, woah-oh-oh, oh, oh
I'm radioactive, radioactive

I raise my flags, dye my clothes
It's a revolution, I suppose
We're painted red to fit right in
Woah

I'm breaking in, shaping up
Then checking out on the prison bus
This is it, the apocalypse
Woah

I'm waking up, I feel it in my bones
Enough to make my system blow
Welcome to the new age, to the new age
Welcome to the new age, to the new age

Woah-oh-oh, oh, oh, woah-oh-oh, oh, oh
I'm radioactive, radioactive
Woah-oh-oh, oh, oh, woah-oh-oh, oh, oh
I'm radioactive, radioactive

All systems go, the sun hasn't died
Deep in my bones, straight from inside

I'm waking up, I feel it in my bones
Enough to make my system blow
Welcome to the new age, to the new age
Welcome to the new age, to the new age

Woah-oh-oh, oh, oh, woah-oh-oh, oh, oh
I'm radioactive, radioactive
Woah-oh-oh, oh, oh, woah-oh-oh, oh, oh
I'm radioactive, radioactive"
Red Hot Chili Peppers,Under the Bridge,1991,Alternative Rock,"Sometimes I feel like I don't have a partner
Sometimes I feel like my only friend
Is the city I live in, The City of Angels
Lonely as I am, together we cry

I drive on her streets 'cause she's my companion
I walk through her hills 'cause she knows who I am
She sees my good deeds and she kisses me windy
Well, I never worry, now that is a lie

I don't ever wanna feel like I did that day
Take me to the place I love, take me all the way
I don't ever wanna feel like I did that day
Take me to the place I love, take me all the way
Yeah, yeah, yeah

It's hard to believe that there's nobody out there
It's hard to believe that I'm all alone
At least I have her love, the city, she loves me
Lonely as I am, together we cry

I don't ever wanna feel like I did that day
Take me to the place I love, take me all the way
I don't ever wanna feel like I did that day
Take me to the place I love, take me all the way

Yeah, yeah, yeah
Oh, no, no-no, yeah, yeah
Love me, I say, yeah, yeah
(One time)

(Under the bridge downtown)
Is where I drew some blood
(Under the bridge downtown)
I could not get enough
(Under the bridge downtown)
Forgot about my love
(Under the bridge downtown)
I gave my life away, yeah
Yeah, yeah (Away)
Oh, no, no-no-no, yeah, yeah (Away)
Oh, no, I said, yeah, yeah (Away)
Where I'll stay"
Taylor Swift,Fresh Out The Slammer,2024,Alternative Rock,"Now, pretty baby, I'm runnin' back home to you
Fresh out the slammer, I know who my first call will be to
(Fresh out the slammer, oh)

Another summer takin' cover, rolling thunder
He don't understand me
Splintered back in winter, silent dinners, bitter
He was with her in dreams

Gray and blue and fights and tunnels
Handcuffed to the spell I was under
For just one hour of sunshine
Years of labor, locks, and ceilings
In the shade of how he was feeling
But it's gonna be alright, I did my time

Now, pretty baby, I'm runnin' back home to you
Frеsh out the slammer, I know who my first call will be to
(Frеsh out the slammer, oh)

Camera flashes, welcome bashes, get the matches
Toss the ashes off the ledge
As I said in my letters, now that I know better
I will never lose my baby again

My friends tried, but I wouldn't hear it
Watch me daily disappearing
For just one glimpse of his smile
All those nights, he kept me goin'
Swirled you into all of my poems
Now we're at the starting line, I did my time

Now, pretty baby, I'm runnin'

To the house where you still wait up and that porch light gleams (Gleams)
To the one who says I'm the girl of his American dreams
And no matter what I've done, it wouldn't matter anyway
Ain't no way I'm gonna screw up now that I know what's at stake here
At the park where we used to sit on children's swings
Wearing imaginary rings

But it's gonna be alright, I did my time"
Linkin Park,Numb,2003,Alternative Rock,"I'm tired of being what you want me to be
Feeling so faithless, lost under the surface
I don't know what you're expecting of me
Put under the pressure of walking in your shoes

Caught in the undertow, just caught in the undertow
Every step that I take is another mistake to you
Caught in the undertow, just caught in the undertow

I've become so numb, I can't feel you there
Become so tired, so much more aware
I'm becoming this, all I want to do
Is be more like me and be less like you

Can't you see that you're smothering me?
Holding too tightly, afraid to lose control
'Cause everything that you thought I would be
Has fallen apart, right in front of you

Caught in the undertow, just caught in the undertow
Every step that I take is another mistake to you
Caught in the undertow, just caught in the undertow
And every second I waste is more than I can take

I've become so numb, I can't feel you there
Become so tired, so much more aware
I'm becoming this, all I want to do
Is be more like me and be less like you

And I know
I may end up failing too
But I know
You were just like me with someone disappointed in you

I've become so numb, I can't feel you there
Become so tired, so much more aware
I'm becoming this, all I want to do
Is be more like me and be less like you

I've become so numb, I can't feel you there
I'm tired of being what you want me to be
I've become so numb, I can't feel you there
I'm tired of being what you want me to be"
Frank Ocean,Seigfried,2016,Alternative Rock,"The markings on your surface
Your speckled face
Flawed crystals hang from your ears
I couldn't gauge your fears
I can't relate to my peers
I'd rather live outside
I'd rather chip my pride than lose my mind out here
Maybe I'm a fool
Maybe I should move and settle
Two kids and a swimming pool
I'm not brave (Brave)
I'm not brave

I'm living over city
And taking in the homeless sometimes, I've
Been living in an idea
An idea from another man's mind
Maybe I'm a fool
To settle for a place with some nice views (Nice views)
Maybe I should move, settle down
Two kids and a swimming pool
I'm not brave
I'd rather live outside
I'd rather live outside
I'd rather go to jail
I've tried hell (It's a loop)
What would you recommend I do? (And the other side of the loop is a loop)
This, this fe—, this feel, this feel, this feels
This feels how molly must feel
This feels how molly must feel
How molly must feel
This feels how molly must feel
How molly must feel

This is not my life
It's just a fond farewell to a friend
It's just a fond farewell to a friend
This is not my life
It's just a fond farewell to a friend
It's not what I'm like
It's just a fond farewell (Brave)

Speaking of Nirvana, it was there
Rare as the feathers on my dash from a phoenix
There with my crooked teeth and companion sleeping, yeah
Dreaming a thought that could dream about a thought
That could think of the dreamer that thought
That could think of dreaming and getting a glimmer of God
I be dreaming of dreaming a thought
That could dream about a thought
That could think of dreaming a dream
Where I cannot, where I cannot

Less morose and more present
Dwell on my gifts for a second, a moment
One solar flare, we're consumed
So why not spend this flammable paper on the film that's my life?
High flights, inhale the vapor, exhale once and think twice
Eat some shrooms, maybe have a good cry about you
See some colors, light hang glide off the moon

In the dark, in the dark
I'd do anything for you (In the dark)
I'd do anything for you (In the dark)
I'd do anything for you (In the dark)
I'd do anything for you (In the dark)
I'd do anything for you, anything for you (In the dark)
I'd do anything for you, anything for you"
Hozier,Too Sweet,2024,Alternative Rock,"It can't be said I'm an early bird
It's 10 o'clock before I say a word
Baby, I can never tell
How do you sleep so well?
You keep tellin' me to live right
To go to bed before the daylight
But then you wake up for the sunrise
You know you don't gotta pretend
Baby, now and then
Don't you just wanna wake up, dark as a lake
Smellin' like a bonfire, lost in a haze?
If you're drunk on life, babe, I think it's great
But while in this world

I think I'll take my whiskey neat
My coffee black and my bed at 3
You're too sweet for me
You're too sweet for me
I take my whiskеy neat
My coffee black and my bed at 3
You're too sweet for mе
You're too sweet for me

Ooh, ooh
Ooh, ooh

I aim low
I aim true, and the ground's where I go
I work late where I'm free from the phone
And the job gets done
But you worry some, I know
But who wants to live forever, babe?
You treat your mouth as if it's Heaven's gate
The rest of you like you're the TSA
I wish I could go along
Babe, don't get me wrong

You know you're bright as the morning, as soft as the rain
Pretty as a vine, as sweet as a grape
If you can sit in a barrel, maybe I'll wait
Until that day

I'd rather take my whiskey neat
My coffee black and my bed at 3
You're too sweet for me
You're too sweet for me
I take my whiskey neat
My coffee black and my bed at 3
You're too sweet for me
You're too sweet for me

Woah, woah
Woah, woah
Woah, woah
Woah, woah

I take my whiskey neat
My coffee black and my bed at 3
You're too sweet for me
You're too sweet for me"
Alanis Morissette,Ironic,1995,Alternative Rock,"Hey, yeah, yeah
Yeah, ah-ah-ah, yeah, hey

An old man turned ninety-eight
He won the lottery and died the next day
It's a black fly in your Chardonnay
It's a death row pardon two minutes too late

And isn't it ironic?
Don't you think?

It's like rain on your weddin' day
It's a free ride when you've already paid
It's the good advice that you just didn't take
And who would've thought? It figures

Mr. Play-It-Safe was afraid to fly
He packed his suitcase and kissed his kids goodbye-ye
He waited his whole damn life to take that flight
And as the plane crashed down, he thought, ""Well, isn't this nice?""

And isn't it ironic?
Don't you think?

It's like rain on your weddin' day
It's a free ride when you've already paid
It's the good advice that you just didn't take
And who would've thought? It figures

Well, life has a funny way of sneakin' up on you
When you think everything's okay and everything's goin' right
And life has a funny way of helpin' ya out
When you think everything's gone wrong and everything blows up in your face

A traffic jam when you're already late
A no-smoking sign on your cigarette break
It's like ten thousand spoons when all ya need is a knife
It's meeting the man of my dreams and then meeting his beautiful wife, hm

And isn't it ironic?
Don't you think?
A little too ironic
And, yeah, I really do think

It's like rain on your weddin' day
It's a free ride when you've already paid
It's the good advice that you just didn't take
And who would've thought? It figures

And, yeah, well, life has a funny way of sneaking up on you
And life has a funny, funny way of helpin' you out
Helpin' you out"
Lil Wayne,Sucker for Pain,2016,Alternative Rock,"I torture you
Take my hand through the flames
I torture you
I'm a slave to your games (I'm just a sucker for pain)
I wanna chain you up, I wanna tie you down
Ooh, I'm just a sucker for pain (Dolla $ign)

I'm a sucker for pain
I got the squad tatted on me from my neck to my ankles (My ankles)
Pressure from the man got us all in rebellion (Yeah)
We gon' go to war, yeah, without failure (Oh yeah)
Do it for the fam, dog, ten toes down, dog
Love and the loyalty, that's what we stand for (Uh-huh)
Alienated by society
All this pressure give me anxiety (Anxiety)
Walk slow through the fire
Like, who gon' try us?
Feelin' the world go against us ('Gainst us)
So we put the world on our shoulders

I torture you
Take my hand through the flames
I torture you
I'm a slave to your games (I'm just a sucker for pain)
I wanna chain you up, I wanna tie you down
Ooh, I'm just a sucker for pain

I been at it with my homies, it don't matter, you don't know me
I been rollin' with my team, we the illest on the scene
I been riding 'round the city with my squad
I been riding 'round the city with my squad
We just posted, getting crazy, livin' like this is so amazing
Hold up, take a step back when we roll up, 'cause I know what
We been loyal, we been fam, we the ones you trust in
Won't hesitate to go straight to your head like a concussion
I know I been bussin', no discussion for my family
No hesitation, through my scope I see my enemy
Like what's up? Hold up, we finna re-load up
Yes, I re-load up, I know what up, I know what up

I torture you
Take my hand through the flames
I torture you
I'm a slave to your games (I'm just a sucker for pain)
I wanna chain you up, I wanna tie you down
Ooh, I'm just a sucker for pain

I'm devoted to destruction
A full dosage of detrimental dysfunction
I'm dying slow, but the devil tryna rush me
See, I'm a fool for pain, I'm a dummy
Might cut my head off right after I slit my throat
Tongue kiss a shark, got jealous bitches up in the boat
Eatin' peanut butter and jelly fishes on toast
And if I get stung, I get stoked, might choke
Like I chewed a chunk of charcoal, naked in the North Pole
That's why my heart cold, full of sorrow, the lost soul
And only Lord knows when I'm coming to the crossroads
So I don't fear shit but tomorrow
And I'm a sucker for pain, it ain't nothin' but pain
You just fuckin' complain, you ain't tough as you claim
Just stay up in your lane, just don't fuck with Lil Wayne
I'ma jump from my plane or stand in front of a train
'Cause I'm a sucker for pain

Used to doing bad, now we feel like we just now gettin' it
Ain't got no other way, so we start it and finish it
No pain, no gain
Never stand down, made our own way
Never going slow, we pick up the pace
This is what we wanted from a young age
No emotion, that's what business is
Lord have mercy on the witnesses

I torture you
Take my hand through the flames
I torture you (Oh)
I'm just a sucker for pain

More pain
Got me beggin', beggin', beggin', beggin', beggin', beggin'
For more pain
Got me beggin', beggin', beggin', beggin', beggin', beggin'
For more pain
Got me beggin', beggin', beggin', beggin', beggin', beggin'
For more pain
Got me beggin'..."
Rihanna,Kiss It Better,2016,Alternative Rock,"Kiss it, kiss it better, baby
Kiss it, kiss it better, baby

Been waitin' on that sunshine, boy
I think I need that back
Can't do it like that
No one else gon' get it like that
So why argue? You yell, but you take me back
Who cares when it feels like crack?
Boy, you know that you always do it right

Man, fuck your pride
Just take it on back, boy, take it on back, boy
Take it back all night
Just take it on back, take it on back
Mmm, do what you gotta do, keep me up all night
Hurtin' vibe, man, it hurts inside when I look you in your eye

What are you willing to do?
Oh, tell me what you're willing to do
(Kiss it, kiss it better, baby)
Oh, what are you willing to do?
Oh, tell me what you're willing to do
(Kiss it, kiss it better, baby)

Been waitin' on that sunshine, boy
I think I need that back
Can't do it like that
No one else gon' get it like that
So why argue? You here, here to take me back
Who cares when it feels like crack?
Boy, you know that you always do it right

Man, fuck your pride
Just take it on back, boy, take it on back, boy
Take it back all night
Just take it on back, take it on back
Mmm, do what you gotta do, keep me up all night
Hurtin' vibe, man, it hurts inside when I look you in your eye

What are you willing to do?
Oh, tell me what you're willing to do
(Kiss it, kiss it better, baby)
Oh, what are you willing to do?
Oh, tell me what you're willing to do
(Kiss it, kiss it better, baby)

I've been waitin' up all night
Baby, tell me what's wrong
You're gonna make it right, make it all night long
I've been waiting up all night
Baby, tell me what's wrong
Going to make it right, make it all night long

Man, fuck your pride
Just take it on back, just take it on back, babe
Take it back all night
Just take it on back, take it on back
Mmm, do what you gotta do, keep me up all night
Hurtin' vibe, man, it hurts inside when I look you in your eye

What are you willing to do?
Oh, tell me what you're willing to do
(Kiss it, kiss it better, baby)
Oh, what are you willing to do?
Oh, tell me what you're willing to do
(Kiss it, kiss it better, baby)
What are you willing to do?
Oh, tell me what you're willing to do
(Kiss it, kiss it better, baby)
Oh, what are you willing to do?
Oh, tell me what you're willing to do
(Kiss it, kiss it better, baby)

Kiss it, kiss it better, baby
Kiss it, kiss it better, baby"
Taylor Swift,Clara Bow,2024,Alternative Rock,"""You look like Clara Bow
In this light, remarkable
All your life, did you know
You'd be picked like a rose?""

""I'm not trying to exaggerate
But I think I might die if it happened
Die if it happened to me
No one in my small town
Thought I'd see the lights of Manhattan""

""This town is fake, but you're the real thing
Breath of fresh air through smoke rings
Take the glory, give everything
Promise to be dazzling""

""You look like Stevie Nicks
In '75, the hair and lips
Crowd goes wild at her fingertips
Half moonshine, a full еclipse""

""I'm not trying to exaggeratе
But I think I might die if I made it, die if I made it
No one in my small town thought I'd meet these suits in L.A
.
They all wanna say...""

""This town is fake, but you're the real thing
Breath of fresh air through smoke rings
Take the glory, give everything
Promise to be dazzling
The crown is stained, but you're the real queen
Flesh and blood amongst war machines
You're the new god we're worshipping
Promise to be dazzling""

Beauty is a beast that roars down on all fours
Demanding more
Only when your girlish glow flickers just so
Do they let you know
It's hell on earth to be heavenly
Them's the breaks, they don't come gently

""You look like Taylor Swift
In this light, we're lovin' it
You've got edge, she never did
The future's bright, dazzling"""
Slipknot,Snuff,2009,Alternative Rock,"Bury all your secrets in my skin
Come away with innocence and leave me with my sins
The air around me still feels like a cage
And love is just a camouflage for what resembles rage again

So if you love me, let me go
And run away before I know
My heart is just too dark to care
I can't destroy what isn't there
Deliver me into my fate
If I'm alone, I cannot hate
I don't deserve to have you
Ooh, my smile was taken long ago
If I can change, I hope I never know

I still press your letters to my lips
And cherish them in parts of me that savor every kiss
I couldn't face a life without your light (Without your light)
But all of that was ripped apart when you refused to fight

So save your breath, I will not care
I think I made it very clear
You couldn't hate enough to love
Is that supposed to be enough?
I only wish you weren't my friend
Then I could hurt you in the end
I never claimed to be a saint
Ooh, my love was banished long ago
It took the death of hope to let you go

Oh, oh

So break yourself against my stones
And spit your pity in my soul
You never needed any help
You sold me out to save yourself
And I won't listen to your shame
You ran away, you're all the same
Angels lie to keep control
Ooh, my love was punished long ago
If you still care, don't ever let me know
If you still care, don't ever let me know"
Oasis,Champagne Supernova,1995,Alternative Rock,"How many special people change?
How many lives are living strange?
Where were you while we were gettin' high?
Slowly walking down the hall
Faster than a cannonball
Where were you while we were gettin' high?

Someday, you will find me caught beneath the landslide
In a champagne supernova in the sky
Someday you will find me caught beneath the landslide
In a champagne supernova, a champagne supernova in the sky

Wake up the dawn and ask her why
A dreamer dreams she never dies
Wipe that tear away now from your eye
Slowly walking down the hall
Faster than a cannonball
Where were you while we were gettin' high?

Someday, you will find me caught beneath the landslide
In a champagne supernova in the sky
Someday, you will find me caught beneath the landslide
In a champagne supernova, a champagne supernova

'Cause people believe
That they're gonna get away for the summer
But you and I, we live and die
The world's still spinnin' 'round; we don't know why
Why? Why? Why? Why?


How many special people change?
How many lives are livin' strange?
Where were you while we were gettin' high?
Slowly walking down the hall
Faster than a cannonball
Where were you while we were gettin' high?

Someday, you will find me caught beneath the landslide
In a champagne supernova in the sky
Someday, you will find me caught beneath the landslide
In a champagne supernova, a champagne supernova

'Cause people believe
That they're gonna get away for the summer (C'mon!)
But you and I, we live and die
The world's still spinnin' 'round, we don't know why
Why? Why? Why? Why?


Na, na, na (Hoo)
Na, na, na, na (Hoo)
Na, na, na (Hoo)
Na, na, na, na (Hoo)
Na, na (Hoo, hoo)
Na, na (Hoo, hoo)
Na, na, na (Hoo, hoo, hoo)

How many special people change?
How many lives are living strange?
Where were you while we were getting high? (Hoo)
We were gettin' high
We were gettin' high (Hoo)
We were getting high
We were gettin' high (Hoo)
We were gettin' high
We were getting high (Hoo)
We were getting high
We were gettin' high (Hoo)
We were gettin' high
(Hoo)"
The Killers,All These Things That I’ve Done,2004,Alternative Rock,"When there's nowhere else to run
Is there room for one more son?
One more son
If you can, hold on
If you can, hold on, hold on

I wanna stand up, I wanna let go
You know, you know; no, you don't, you don't
I wanna shine on in the hearts of man
I want a meanin' from the back of my broken hand

Another head aches, another heart breaks
I'm so much older than I can take
And my affection, well, it comes and goes
I need direction to perfection, no, no, no, no

Help me out, yeah
You know you gotta help me out, yeah
Oh, don't you put me on the back burner
You know you gotta help me out, yeah

And when there's nowhere else to run
Is there room for one more son?
These changes ain't changin' me
The cold-hearted boy I used to be

Yeah, you know you gotta help me out, yeah
Oh, don't you put me on the back burner
You know you gotta help me out, yeah
You're gonna bring yourself down, yeah
You're gonna bring yourself down, yeah
You're gonna bring yourself down

I got soul but I'm not a soldier
I got soul but I'm not a soldier
I got soul but I'm not a soldier
I got soul but I'm not a soldier
I got soul but I'm not a soldier
I got soul but I'm not a soldier
I got soul but I'm not a soldier
I got soul but I'm not a soldier
I got soul but I'm not a soldier
I got soul but I'm not a soldier
(Time, truth, and hearts)

Yeah, you know you gotta help me out, yeah
Oh, don't you put me on the back burner
You know you gotta help me out, yeah
You're gonna bring yourself down, yeah
You're gonna bring yourself down, yeah
Oh, don't you put me on the back burner
You're gonna bring yourself down, yeah
You're gonna bring yourself down

Over and in (
You're gonna bring yourself down
)
Last call for sin (
Bring yourself down
)
While everyone's lost, the battle is won
With all these things that I've done
All these things that I've done (Time, truth, and hearts)
If you can hold on
If you can hold on"
Twenty One Pilots,My Blood,2018,Alternative Rock,"When everyone you thought you knew
Deserts your fight, I'll go with you
You're facin' down a dark hall
I'll grab my light

And go with you, I'll go with you
I'll go with you, I'll go with you
I'll go with you, I'll go with you
I'll go with you, I'll go with you

Surrounded and up against a wall
I'll shred 'em all and go with you
When choices end, you must defend
I'll grab my bat

And go with you, I'll go with you
I'll go with you, I'll go with you, yeah

Stay with me, no, you don't need to run
Stay with me, my blood, you don't need to run
Stay with me, no, you don't need to run
Stay with me, my blood, you don't need to run

If there comes a day
People posted up at the end of your driveway
They're callin' for your head and they're callin' for your name
I'll bomb down on 'em, I'm comin' through
Did they know I was grown with you?
If they're here to smoke, know I'll go with you
Just keep it outside, keep it outside, yeah

Stay with me, no, you don't need to run
Stay with me, my blood, you don't need to run
Stay with me, no, you don't need to run
Stay with me, my blood, you don't need to run
(Ooh-ooh, ooh-ooh)
You don't need to run
(Ooh-ooh, ooh-ooh)
You don't need to run
(Ooh-ooh, ooh-ooh)
You don't need to run
(Ooh-ooh, ooh-ooh)
You don't need to run

If you find yourself in a lion's den
I'll jump right in and pull my pin

And go with you, I'll go with you
I'll go with you, I'll go with you
(You don't need to run)
I'll go with you, I'll go with you
(You don't need to run)
I'll go with you
My blood, I'll go with you, yeah

Stay with me, no, you don't need to run
Stay with me, my blood, you don't need to run
Stay with me, no, you don't need to run
Stay with me, my blood, you don't need to run
(Ooh-ooh, ooh-ooh)
You don't need to run
(Ooh-ooh, ooh-ooh)
You don't need to run
(Ooh-ooh, ooh-ooh)
You don't need to run
(Ooh-ooh, ooh-ooh)
You don't need to run
Stay with me, no, you don't need to run
Stay with me, my blood"
Eminem,Beautiful Pain,2013,Alternative Rock,"I can feel the heat risin'
Everything is on fire
Today's a painful reminder of why
It can only get brighter (Brighter)
The further you put it behind ya (Behind ya)
But right now I'm on the inside
Lookin' out, 'cause

I'm standin' in the flames
And it's a beautiful kind of pain
Settin' fire to yesterday
To find the light, find the light, find the light
Standin' in the flames
And it's a beautiful kind of pain
Settin' fire to yesterday
Find the light, find the light, find the light

Yesterday was the tornado warnin', today's like the morning after
Your world is torn in half, you wake in its wake to start the mournin' process
And rebuilding, you're still a work in progress
Today's a whole new chapter, it's like an enormous asthma, ugh
Thunderstorm has passed ya
You weathered it and poked its eye out with the thornbush that ya used to smell the roses
Stopped to inhale, can't even tell your nose is stuffed
So focused on the bright side, then you floor the gas pedal
And hit the corner faster, more assertive, never looking back
May hit the curb, but every day's a new learning curve as ya
Steer through life, sometimes you might not wanna swerve but you have to
To avert a disaster, lucky no permanent damage
'Cause they hurt you so bad it's like they murdered your ass
And threw dirt on your casket, but you've returned from the ashes
And that hurt that you have, you just converted to gasoline
And while you're burning the past, standing at inferno and chantin'

I'm standin' in the flames
And it's a beautiful kind of pain
Settin' fire to yesterday
To find the light, find the light, find the light
Standin' in the flames
And it's a beautiful kind of pain
Settin' fire to yesterday
Find the light, find the light, find the light

You're so familiarized with what having to swallow this pill is like
It happens all the time, they take your heart and steal your life
And it's as though you feel you've died, 'cause you've been killed inside
But yet you're still alive, which means you will survive
Although today you may weep 'cause you're weak and
Everything seems so bleak and hopeless, the light that you're seekin'
It begins to seep in, that's the only thing keepin'
You from leapin' off the motherfreakin' deep end
And I'm pullin' for you to push through this feelin'
And with a little time that should do the healing
And by tomorrow, you may even feel so good that you're willin' to forgive 'em
Even after all the shit you've been put through, this feelin' of resilience is buildin'
And the flames are burnin' quick as fire would through this buildin'
You're sealed in, but you're fireproof, flame retardant, you withstood it
And as you climb up to the roof, you're just chillin', you look down, 'cause you're so over 'em
You could put the heel of your foot through the ceiling
As time passes, things change every day
But wounds, wounds heal but scars still remaining the same
But tomorrow, today's going down in flames
Throw the match, set the past ablaze
So feel the fire beneath your feet
As you barely even perspire from the heat
Exhale deep and breathe a sigh of relief
And as you say goodbye to the grief
It's like watching the walls melt in your prison cell
But you've extinguished this livin' hell
Still, a little piece of you dies as you scream

I'm standin' in the flames
And it's a beautiful kind of pain
Settin' fire to yesterday
To find the light, find the light, find the light
Standin' in the flames
And it's a beautiful kind of pain
Settin' fire to yesterday
Find the light, find the light, find the light

I feel the burn
Watch the smoke as I turn, rising
A phoenix from the flames
I have learned
From fighting fights that weren't mine
It's not with fists
But with wings that I will fly

And I'm standin' in the flames
And it's a beautiful kind of pain
Settin' fire to yesterday
To find the light, find the light, find the light
Standin' in the flames
And it's a beautiful kind of pain
Settin' fire to yesterday
Find the light, find the light, find the light"
Nirvana,In Bloom,1991,Alternative Rock,"Sell the kids for food
Weather changes moods
Spring is here again
Reproductive glands
[Chorus: Kurt Cobain, 
Kurt Cobain & Dave Grohl
]
He's the one who likes all our pretty songs, and he
Likes to sing along and he likes to shoot his gun, but he
Knows not what it means
Knows not what it means, and I say
He's the one who likes all our pretty songs,
 and he
Likes to sing along
 and he 
likes to shoot his gun
, but he
Knows not what it means
Knows not what it means, and I say, ""Yeah""

We can have some more
Nature is a whore
Bruises on the fruit
Tender age in bloom

He's the one who likes all our pretty songs, and he
Likes to sing along and he likes to shoot his gun, but he
Knows not what it means
Knows not what it means, and I say
He's the one who likes all our pretty songs
, and he
Likes to sing along
 and he 
likes to shoot his gun,
 but he
Knows not what it means
Knows not what it means,
 and I say, ""Yeah""


He's the one who likes all our pretty songs
, and he
Likes to sing along
 and he 
likes to shoot his gun,
 but he
Knows not what it means
Knows not what it means,
 and I say
He's the one who likes all our pretty songs
, and he
Likes to sing along
 and he 
likes to shoot his gun,
 but he
Knows not what it means
Knows not what it means
Knows not what it means
Knows not what it means,
 and I say, ""Yeah"""
The Strokes,The Adults Are Talking,2020,Alternative Rock,"They've been sayin' you're sophisticated
They're complainin', overeducated
You are sayin' all the words I'm dreamin'
Say it after me
Say it after me

They will blame us, crucify and shame us
We can't help it if we are a problem
We are tryin' hard to get your attention
I'm climbin' up your wall
Climbin' up your wall

Don't go there 'cause you'll never return
I know you think of me when you think of her
But then it don't make sense when you're tryin' hard
To do the right thing but without recompense
And then you did somethin' wrong and you said it was great
And now you don't know how you could ever complain
Because you're all confused 'cause you want me to
But then you want me to do it the same as you


You were waitin' for the elevator
You were sayin' all the words I'm dreamin'
No more askin' questions or excuses
The information's here
Here and everywhere

Don't go there 'cause you'll never return
I know you think of me when you think of her
But then it don't make sense when you're tryin' hard
To do the right thing but without recompense
And then you did somethin' wrong and you said it was great
And now you don't know how you could ever complain
Because you're all confused 'cause you want me to
But then you want me to do it the same way as you, and but

I don't, I don't want anything
I know it's not, it's not your fault
I don't want anyone
Always I do, it's not for you
Ah, ooh

Stockholders
Same shit, a different life
I'll get it right sometime
Oh, maybe not tonight
Oh, maybe not tonight
Oh, maybe not tonight
Oh, maybe not tonight
Oh, maybe not tonight

Yeah, boy, here we go
And a one, and a two, and a three
Here we go friends (Hold on, I can't)
Maybe that's a kooky situation
So let's go back to the old key, old tempo, everything"
Neutral Milk Hotel,In the Aeroplane Over the Sea,1998,Alternative Rock,"What a beautiful face
I have found in this place
That is circling all 'round the sun
What a beautiful dream
That could flash on the screen
In a blink of an eye and be gone from me
Soft and sweet
Let me hold it close and keep it here with me

And one day we will die
And our ashes will fly
From the aeroplane over the sea
But for now we are young
Let us lay in the sun
And count every beautiful thing we can see
Love to be
In the arms of all I'm keeping here with me

What a curious life
We have found here tonight
There is music that sounds from the street
There are lights in the clouds
Anna's ghost all around
Hear her voice as it's rolling and ringing through me
Soft and sweet
How the notes all bend and reach above the trees

Now how I remember you
How I would push my fingers through
Your mouth to make those muscles move
That made your voice so smooth and sweet
But now we keep where we don't know
All secrets sleep in winter clothes
With the one you loved so long ago
Now he don't even know his name

What a beautiful face
I have found in this place
That is circling all 'round the sun
And when we meet on a cloud
I'll be laughing out loud
I'll be laughing with everyone I see
Can't believe
How strange it is to be anything at all"
The Cranberries,Linger,1993,Alternative Rock,"Ooh-ooh-ooh-ooh-ooh-ooh
Ooh-ooh
Ooh-ooh-ooh-ooh-ooh-ooh
Mm-mmm

If you, if you could return
Don't let it burn, don't let it fade
I'm sure I'm not being rude
But it's just your attitude
It's tearing me apart
It's ruinin' everything
I swore, I swore I would be true
And, honey, so did you
So why were you holding her hand?
Is that the way we stand?
Were you lyin' all the time?
Was it just a game to you?

But I'm in so deep
You know I'm such a fool for you
You got me wrapped around your finger
Do you have to let it linger?
Do you have to, do you have to
Do you have to let it linger?

Oh, I thought the world of you
I thought nothing could go wrong
But I was wrong, I was wrong
If you
If you could get by
Trying not to lie
Things wouldn't be so confused
And I wouldn't feel so used
But you always really knew
I just wanna be with you

And I'm in so deep
You know I'm such a fool for you
You got me wrapped around your finger
Do you have to let it linger?
Do you have to, do you have to
Do you have to let it linger?


And I'm in so deep
You know I'm such a fool for you
You got me wrapped around your finger
Do you have to let it linger?
Do you have to, do you have to
Do you have to let it linger?
You know I'm such a fool for you
You got me wrapped around your finger
Do you have to let it linger?
Do you have to, do you have to
Do you have to let it linger?"
Harry Styles,She,2019,Alternative Rock,"Nine in the morning, the man drops his kids off at school
And he's thinking of you, like all of us do
Sends his assistant for coffee in the afternoon
Around 1:32, like he knows what to do

She (She), she lives in daydreams with me (She)
She's the first one that I see, and I don't know why
I don't know who she is (She, she)

He takes a boat out, imagines just sailing away (Away, away)
And not telling his mates (Not telling his mates)
He wouldn't know what to say (Wouldn't know what to say, to say)

She (She), she lives in daydreams with me (She)
She's the first one that I see, and I don't know why
I don't know who she is (She)
She (She), she's the first one that I see (She)
She lives in daydreams with me, and I don't know why
I don't know where she is (She, she)

Lives for the memory
A woman who's just in his head (Just in his head)
And she sleeps in his bed (His bed)
While he plays pretend (Pretend)
So pretend (Pretend)

She (She), she lives in daydreams with me (She)
She's the first one that I see, and I don't know why
I don't know who she is (She, she)
She (She), she's the first one that I see (She)
She lives in daydreams with me, and I don't know why
I don't know where she is (She, she)"
Пошлая Молли (Poshlaya Molly),Мишка (Bruin),2019,Alternative Rock,"Я горю
Я упал с небес, тебе на всю фигню
А я на глянцах и я вылез в люк на ходу
Когда вспышки камер разрезают темноту
А не пойти бы мне тогда в пи—
XO-XO, lovely love
Напиши мне СМС, как ты скучаешь, зай
Твоя попа — BMW, и ты на каблуках
Твои бубсы — вау, нужен полный бак
Шампусик в лимузине — это высший пилотаж
Мы в шоу-бизе постоянно на понтах

Ass, HD, VR
Эй, ми—

Эй, мишка, ты меня охраняй
Да, я bad bitch
Свэг, всё горит в пепле Blackberry слимсов
Ночь, ты моя, и ты алкоголичка (Ass, HD, VR)
Эй, мишка, ты меня охраняй
Да, я bad bitch
Свэг, всё горит в пепле Blackberry слимсов
Ночь, ты моя, и ты алкоголичка (Ass, HD, VR)

Я тону
В жадных взглядах все хотят меня одну
Но мне этого не надо
Все вокруг воспринимают меня телом
Умоляю, бэйби, это будто всё в последний раз
Никаких наверно, это — high fashion, первый класс
Тебе лучше не медлить, если я хочу начать
Если я хочу мгновенно — значит, получу сейчас

Эй, мишка, ты меня охраняй
Да, я bad bitch
Свэг, всё горит в пепле Blackberry слимсов
Ночь, ты моя, и ты алкоголичка (Ass, HD, VR)
Эй, мишка, ты меня охраняй
Да, я bad bitch
Свэг, всё горит в пепле Blackberry слимсов
Ночь, ты моя, и ты алкоголичка (Ass, HD, VR)"
Natalie Imbruglia,Torn,1997,Alternative Rock,"I thought I saw a man brought to life
He was warm, he came around like he was dignified
He showed me what it was to cry
Well, you couldn't be that man I adored
You don't seem to know, seem to care what your heart is for
But I don't know him anymore

There's nothin' where he used to lie
My conversation has run dry
That's what's goin' on
Nothing's fine, I'm torn

I'm all out of faith, this is how I feel
I'm cold, and I am shamed, lying naked on the floor
Illusion never changed into something real
I'm wide awake and I can see the perfect sky is torn
You're a little late, I'm already torn

So I guess the fortune teller's right
I should've seen just what was there
And not some holy light
But you crawled beneath my veins, and, now

I don't care, I had no luck
I don't miss it all that much
There's just so many things
That I can't touch, I'm torn

I'm all out of faith, this is how I feel
I'm cold, and I am shamed, lying naked on the floor
Illusion never changed into something real
I'm wide awake and I can see the perfect sky is torn
You're a little late, I'm already torn
Torn

(Ooh, ooh-ooh, ooh)
There's nothing where he used to lie
My inspiration has run dry
That's what's goin' on
Nothing's right, I'm torn

I'm all out of faith, this is how I feel
I'm cold, and I am shamed, lying naked on the floor
Illusion never changed into something real
I'm wide awake and I can see the perfect sky is torn
I'm all out of faith, this is how I feel
I'm cold, and I'm ashamed, bound and broken on the floor
You're a little late, I'm already torn
Torn, woah


Oh, yeah, oh, yeah
Oh, yeah, oh, yeah
Oh, yeah, oh, yeah"
FACE,Лиза (Lisa),2017,Alternative Rock,"I'll be gentle and I'll take it slowly
Just as long as you say you don't need me
I'll do you right and I'll take it steady
But when I say go you better be ready

Лиза, я лишь хочу признаваться тебе
Что я с детства влюблён, дать тепло батарей
Холод осени с Лизой заменим весной
Майский парк, на скамейках сидим мы с тобой
Она мне говорит, как отлично, что я
Ей сказал, что взаимности толком не ждал
Просто у меня есть уже план в голове
Ведь с четвёртого класса я думал о ней

I'll be gentle and I'll take it slowly (Лиза)
Just as long as you say you don't need me (Ты будешь моей)
I'll do you right and I'll take it steady (Лиза)
But when I say go you better be ready (
Май среди январей
)

Лиза, я лишь хочу признаваться тебе (
Don't you dare say you do not know me
)
Что я с детства влюблён, дать тепло батарей (
Don't you dare say you do not know me
)
Холод осени с Лизой заменим весной
Майский парк, на скамейках сидим мы с тобой
Сидим мы с тобой"
Hozier,Someone New,2014,Alternative Rock,"Don't take this the wrong way
You knew who I was with every step that I ran to you
Only blue or black days
Electin' strange perfections in any stranger I choose

Would things be easier if there was a right way?
Honey, there is no right way

And so I fall in love just a little, oh, a little bit
Every day with someone new
I fall in love just a little, oh, a little bit
Every day with someone new
I fall in love just a little, oh, a little bit
Every day with someone new
I fall in love just a little, oh, a little bit
Every day with someone new

There's an art to life's distraction
To somehow escape the burning weight, the art of scrapin' through
Some like to imagine
The dark caress of someone else, I guess any thrill will do

Would things be easier if there was a right way?
Honey, there is no right way

And so I fall in love just a little, oh, a little bit
Every day with someone new
I fall in love just a little, oh, a little bit
Every day with someone new
I fall in love just a little, oh, a little bit
Every day with someone new
I fall in love just a little, oh, a little bit
Every day with someone new

I wake at the first cringe of morning
And my heart's already sinned
How pure, how sweet a love, Aretha
That you would pray for him

'Cause God knows I fall in love just a little, oh, a little bit
Every day with someone new
I fall in love just a little, oh, a little bit
Every day with someone new
I fall in love just a little, oh, a little bit
Every day with someone new
I fall in love just a little, oh, a little bit
Every day with someone new
I fall in love just a little, oh, a little bit
Every day with someone new
I fall in love just a little, oh, a little bit
Every day

Love with every stranger
The stranger the better
Love with every stranger
The stranger the better
Love with every stranger
The stranger the better
Love with every stranger
The stranger the better

I fall in love just a little, oh, a little bit
Every day with someone new
I fall in love just a little, oh, a little bit
Every day with someone new
I fall in love just a little, oh, a little bit
Every day with someone new
I fall in love just a little, oh, a little bit
Every day with someone new"
Green Day,Basket Case,1994,Alternative Rock,"Do you have the time to listen to me whine
About nothin' and everything all at once?
I am one of those melodramatic fools
Neurotic to the bone, no doubt about it

Sometimes, I give myself the creeps
Sometimes, my mind plays tricks on me
It all keeps adding up
I think I'm cracking up
Am I just paranoid?
Am I just stoned?

I went to a shrink to analyze my dreams
She says it's lack of sex that's bringin' me down
I went to a whore, he said my life's a bore
So quit my whinin' 'cause it's bringin' her down

Sometimes, I give myself the creeps
Sometimes, my mind plays tricks on me
It all keeps adding up
I think I'm cracking up
Am I just paranoid?
Uh-yuh-yuh-yuh
(Ooh, ooh)

Grasping to control
So I better hold on

Sometimes, I give myself the creeps
Sometimes, my mind plays tricks on me
It all keeps adding up
I think I'm cracking up
Am I just paranoid?
Am I just stoned?"
Lana Del Rey,Say Yes To Heaven,2023,Alternative Rock,"If you dance, I'll dance
And if you don't, I'll dance anyway
Give peace a chance
Let the fear you have fall away

I've got my eye on you
I've got my eye on you

Say yes to Heaven
Say yes to me
Say yes to Heaven
Say yes to me

If you go, I'll stay
You come back, I'll be right here
Like a barge at sea
In the storm, I stay clear

'Cause I've got my mind on you
I've got my mind on you

Say yes to Heaven
Say yes to me
Say yes to Heaven
Say yes to me

If you dance, I'll dance
I'll put my red dress on, get it on
And if you fight, I'll fight
It doesn't matter now, it's all gone

I've got my mind on you
I got my mind on you

Say yes to Heaven
Say yes to me
Say yes to Heaven
Say yes to me

I've got my eye on you
I've got my eye on you, mm
I've got my eye on you
I've got my eye on you"
Arctic Monkeys,Knee Socks,2013,Alternative Rock,"You got the lights on in the afternoon
And the nights are drawn out long
And you're kissin' to cut through the gloom
With a cough drop coloured tongue
And you were sittin' in the corner with the coats all piled high
And I thought you might be mine
In a small world on an exceptionally rainy Tuesday night
In the right place and time

When the zeros line up on the 24-hour clock
When you know who's callin' even though the number is blocked
When you walked around your house wearin' my sky blue Lacoste
And your knee socks

Well, you cured my January blues
Yeah, you made it all alright
I got a feelin' I might have lit the very fuse
That you were tryin' not to light
You were a stranger in my phonebook I was actin' like I knew
'Cause I had nothin' to lose
When the winter's in full swing and your dreams just aren't comin' true
Ain't it funny what you'll do?

When the zeros line up on the 24-hour clock
When you know who's callin' even though the number is blocked
When you walked around your house wearin' my sky blue Lacoste
And your knee socks

The late afternoon, the ghost in your room
That you always thought didn't approve of you knockin' boots
Never stopped you lettin' me get hold of the sweet spot
By the scruff of your knee socks

You and me could have been a team
Each had a half of a king and queen seat
Like the beginning of Mean Streets
You could be my baby (Could be my baby)
You and me could have been a team
Each had a half of a king and queen seat
Like the beginning of Mean Streets
You could be my baby (Could be my baby)
All the zeros lined up
You and me could have been a team
Each had a half of a king and queen seat
Like the beginning of Mean Streets
You could be my baby (Could be my baby)
But the number's blocked
You and me could have been a team
Each had a half of a king and queen seat
When you've come undone
Like the beginning of Mean Streets
You could be my baby (Could be my baby)

When the zeros line up on the 24-hour clock (
All the zeros lined up
)
When you know who's callin' even though the number is blocked (
But the number's blocked
)
When you walked around your house wearin' my sky blue Lacoste (
When you've come undone)
And your knee socks
When the zeros line up on the 24-hour clock (All the zeros lined up)
When you know who's callin' even though the number is blocked
When you walked around your house wearin' my sky blue Lacoste
And your knee socks](10576182)

Knee socks (
Oh
)
Knee socks"
Alice in Chains,Nutshell,1994,Alternative Rock,"We chase misprinted lies
We face the path of time
And yet I fight, and yet I fight
This battle all alone
No one to cry to, no place to call home

Ooh-ooh, ooh-ooh
Ooh-ooh, ooh-ooh-ooh

My gift of self is raped
My privacy is raked
And yet I find, and yet I find
Repeating in my head
If I can't be my own, I'd feel better dead

Ooh-ooh, ooh-ooh
Ooh-ooh, ooh-ooh-ooh"
The Cardigans,Lovefool,1996,Alternative Rock,"Dear, I fear we're facing a problem
You love me no longer, I know and
Maybe there is nothing that I can do
To make you do
Mama tells me I shouldn't bother
That I ought just stick to another man
A man that surely deserves me
But I think you do

So I cry, and I pray, and I beg

Love me, love me
Say that you love me
Fool me, fool me
Go on and fool me
Love me, love me
Pretend that you love me
Leave me, leave me
Just say that you need me
So I cry and I beg for you to
Love me, love me
Say that you love me
Leave me, leave me
Just say that you need me
I can't care 'bout anything but you

Lately I have desperately pondered
Spent my nights awake and I wonder
What I could have done in another way
To make you stay
Reason will not reach a solution
I will end up lost in confusion
I don't care if you really care
As long as you don't go

So I cry, and I pray, and I beg

Love me, love me
Say that you love me
Fool me, fool me
Go on and fool me
Love me, love me
Pretend that you love me
Leave me, leave me
Just say that you need me
So I cry and I beg for you to
Love me, love me
Say that you love me
Leave me, leave me
Just say that you need me
I can't care 'bout anything but you
(Anything but you)

Love me, love me
Say that you love me
Fool me, fool me
Go on and fool me
Love me, love me
I know that you need me
I can't care 'bout anything but you"
Hozier,From Eden,2014,Alternative Rock,"Babe
There's something tragic about you
Something so magic about you
Don't you agree?
Babe
There's something lonesome about you
Something so wholesome about you
Get closer to me

No tired sigh, no rolling eyes
No irony
No ""Who cares?,"" no vacant stare
No time for me

Honey, you're familiar like my mirror years ago
Idealism sits in prison, chivalry fell on his sword
Innocence died screaming, honey, ask me, I should know
I slithered here from Eden just to sit outside your door

Babe
There's something wretched about this
Something so precious about this
Where to begin?
Babe
There's something broken about this
But I might be hoping about this
Oh, what a sin

To the strand, a picnic planned
For you and me
A rope in hand for your other man
To hang from a tree

Honey, you're familiar like my mirror years ago
Idealism sits in prison, chivalry fell on his sword
Innocence died screaming, honey, ask me, I should know
I slithered here from Eden just to sit outside your door


Honey, you're familiar like my mirror years ago
Idealism sits in prison, chivalry fell on his sword
Innocence died screaming, honey, ask me, I should know
I slithered here from Eden just to hide outside your door"
Twenty One Pilots,Ride,2015,Alternative Rock,"I just wanna stay in the sun where I find
I know it's hard sometimes
Pieces of peace in the sun's peace of mind
I know it's hard sometimes
Yeah, I think about the end just way too much
But it's fun to fantasize
On my enemies I wouldn't wish who I was
But it's fun to fantasize

Oh-woah-woah, oh-woah-woah, I'm fallin'
So I'm takin' my time on my ride, oh-woah-woah, I'm fallin'
So I'm takin' my time on my ride
Takin' my time on my ride

""I'd die for you,"" that's easy to say
We have a list of people that we would take
A bullet for them, a bullet for you
A bullet for everybody in this room
But it don't seem to see many bullets comin' through
See many bullets comin' through
Metaphorically, I'm the man
But literally, I don't know what I'd do
""I'd live for you,"" and that's hard to do
Even harder to say when you know it's not true
Even harder to write when you know that tonight
There were people back home who tried talking to you
But then you ignored them still
All these questions, they're for real
Like ""Who would you live for?"" ""Who would you die for?""
And ""Would you ever kill?""

Oh-woah-woah, oh-woah-woah, I'm fallin'
So I'm takin' my time on my ride, oh-woah-woah, I'm fallin'
So I'm takin' my time on my ride
Takin' my time on my ride

I've been thinkin' too much
I've been thinkin' too much
I've been thinkin' too much
I've been thinkin' too much
Help me
I've been thinkin' too much
I've been thinkin' too much
I've been thinkin' too much
Help me
I've been thinkin' too much
I've been thinkin' too much
I've been thinkin' too much

Oh-woah-woah, oh-woah-woah, I'm fallin'
So I'm takin' my time on my ride, oh-woah-woah, I'm fallin'
So I'm takin' my time
Takin' my time on my ride, woah-oh-oh (Woah, yeah)
Oh-woah-woah, oh-woah-woah, I'm fallin'
So I'm takin' my time on my ride, oh-woah-woah, I'm fallin'
So I'm takin' my time on my—

I've been thinkin' too much
Help me
I've been thinkin' too much
Help me
I've been thinkin' too much
I've been thinkin' too much
I've been thinkin' too much
Help me
I've been thinkin' too much
I've been thinkin' too much
I've been thinkin' too much
Help me"
Foo Fighters,Everlong,1997,Alternative Rock,"Hello, I've waited here for you
Everlong
Tonight, I throw myself into
And out of the red, out of her head, she sang

Do do do do do do dododo
Do do do do do do dododo
Do do do do do do do do
Do do dododo

Come down, and waste away with me
Down with me
Slow, how you wanted it to be
I'm over my head, out of her head, she sang

And I wonder
When I sing along with you
[Chorus: Dave Grohl & Louise Post, 
Dave Grohl
]
If everything could ever feel this real forever
If anything could ever be this good again
The only thing I'll ever ask of you
You gotta promise not to stop when I say when
She sang
Do do do do do do dododo
Do do do do do do dododo
Do do do do do do do do
Do do dododo

Breathe out, so I can breathe you in
Hold you in
And now, I know you've always been
Out of your head, out of my head, I sang

And I wonder
When I sing along with you
[Chorus: Dave Grohl & Louise Post, 
Dave Grohl
]
If everything could ever feel this real forever
If anything could ever be this good again
The only thing I'll ever ask of you
You gotta promise not to stop when I say when
She sang

So, dad would take the Sundays off
And that's the only time he could ever get any rest
And so, because we were loud on Sundays
He'd make us hold his construction boots over our head, 'til we'd sleep
And they were really heavy boots and I used to say, ""Dad, come on, please""
And like start crying, 'cause they're too heavy

And I wonder

If everything could ever feel this real forever
If anything could ever be this good again
The only thing I'll ever ask of you
You gotta promise not to stop when I say when"
Arctic Monkeys,I Wanna Be Yours,2013,Alternative Rock,"I wanna be your vacuum cleaner
Breathin' in your dust
I wanna be your Ford Cortina
I will never rust
If you like your coffee hot
Let me be your coffee pot
You call the shots, babe
I just wanna be yours

Secrets I have held in my heart
Are harder to hide than I thought
Maybe I just wanna be yours

I wanna be yours
I wanna be yours
Wanna be yours
Wanna be yours
Wanna be yours

Let me be your 'leccy meter
An' I'll never run out
Let me be the portable heater
That you'll get cold without
I wanna be your setting lotion (Wanna be)
Hold your hair in deep devotion (How deep?)
At least as deep as the Pacific Ocean
I wanna be yours

Secrets I have held in my heart
Are harder to hide than I thought
Maybe I just wanna be yours

I wanna be yours
I wanna be yours
Wanna be yours
Wanna be yours
Wanna be yours
Wanna be yours
Wanna be yours
Wanna be yours
Wanna be yours
Wanna be yours

I wanna be your vacuum cleaner (Wanna be yours)
Breathin' in your dust (Wanna be yours)
I wanna be your Ford Cortina (Wanna be yours)
I will never rust (Wanna be yours)
I just wanna be yours (Wanna be yours)
I just wanna be yours (Wanna be yours)
I just wanna be yours (Wanna be yours)"
Arctic Monkeys,Why’d You Only Call Me When You’re High?,2013,Alternative Rock,"The mirror's image tells me it's home time
But I'm not finished, 'cause you're not by my side
And as I arrived I thought I saw you leavin'
Carryin' your shoes
Decided that once again I was just dreamin'
Of bumpin' into you

Now, it's three in the mornin'
And I'm tryna' change your mind
Left you multiple missed calls
And to my message, you reply
""Why'd you only call me when you're high?""
""Hi, why'd you only call me when you're high?""

Somewhere darker, talkin' the same shite
I need a partner, (High) well are you out tonight?
It's harder and harder to get you to listen
More I get through the gears
Incapable of makin' alright decisions
And having bad ideas

Now, it's three in the mornin'
And I'm tryna' change your mind
Left you multiple missed calls
And to my message, you reply (Message, you reply)
""Why'd you only call me when you're high?""
(Why'd you only call me when you're)
""Hi, why'd you only call me when you're high?""

And I can't see you here, wonder where I might
It sort of feels like I'm runnin' out of time
I haven't found all I was hopin' to find
You said you got to be up in the mornin'
Gonna have an early night
And you're startin' to bore me, baby
""Why'd you only call me when you're high?""

""Why'd you only ever phone me when you're high?""
""Why'd you only ever phone me when you're high?""
""Why'd you only ever phone me when you're high?""
""Why'd you only ever phone me when you're (high)?"""
Portugal. The Man,Feel It Still,2017,Alternative Rock,"Can't keep my hands to myself
Think I'll dust 'em off, put 'em back up on the shelf
In case my little baby girl is in need
Am I coming out of left field?

Ooh woo, I'm a rebel just for kicks now
I been feeling it since 1966 now
Might be over now, but I feel it still
Ooh woo, I'm a rebel just for kicks now
Let me kick it like it's 1986 now
Might be over now, but I feel it still

Got another mouth to feed
Leave it with a babysitter, mama, call the gravedigger
Gone with the fallen leaves
Am I coming out of left field?

Ooh woo, I'm a rebel just for kicks now
I been feeling it since 1966 now
Might've had your fill, but you feel it still
Ooh woo, I'm a rebel just for kicks now
Let me kick it like it's 1986 now
Might be over now, but I feel it still

We could fight a war for peace
(Ooh woo, I'm a rebel just for kicks now)
Give in to that easy living
Goodbye to my hopes and dreams
Start flipping for my enemies
Or we could wait until the walls come down
(Ooh woo, I'm a rebel just for kicks now)
It's time to give a little to the kids in the middle
But, oh, until it falls, won't bother me

Is it coming?
Is it coming?
Is it coming?
Is it coming?
Is it coming?
Is it coming back?

Ooh woo, I'm a rebel just for kicks, yeah
Your love is an abyss for my heart to eclipse now
Might be over now, but I feel it still

Ooh woo, I'm a rebel just for kicks now
I've been feeling it since 1966 now
Might be over now, but I feel it still
Ooh woo, I'm a rebel just for kicks now
Let me kick it like it's 1986 now
Might be over now, but I feel it still
Might've had your fill, but I feel it still"
My Chemical Romance,Welcome to the Black Parade,2006,Alternative Rock,"When I was a young boy, my father
Took me into the city to see a marching band
He said, ""Son, when you grow up, would you be
The savior of the broken, the beaten, and the damned?""
He said, ""Will you defeat them, your demons
And all the non-believers, the plans that they have made?
Because one day, I'll leave you a phantom
To lead you in the summer to join the black parade""
When I was a young boy, my father
Took me into the city to see a marching band
He said, ""Son, when you grow up, would you be
The savior of the broken, the beaten, and the damned?""

Sometimes, I get the feeling she's watching over me
And other times, I feel like I should go
And through it all, the rise and fall, the bodies in the streets
And when you're gone, we want you all to know

We'll carry on, we'll carry on
And though you're dead and gone, believe me
Your memory will carry on, we'll carry on
And in my heart, I can't contain it
The anthem won't explain it

A world that sends you reeling from decimated dreams
Your misery and hate will kill us all
So paint it black and take it back, and let's shout it loud and clear
Defiant to the end, we hear the call

To carry on, we'll carry on
And though you're dead and gone, believe me
Your memory will carry on, we'll carry on
And though you're broken and defeated
Your weary widow marches

On and on, we carry through the fears (Oh, ha, ha)
Disappointed faces of your peers (Oh, ha, ha)
Take a look at me, 'cause I could not care at all

Do or die, you'll never make me
Because the world will never take my heart
Go and try, you'll never break me
We want it all, we wanna play this part
I won't explain or say I'm sorry
I'm unashamed, I'm gonna show my scar
And give a cheer for all the broken
Listen here, because it's who we are
Just a man, I'm not a hero
Just a boy who had to sing this song
Just a man, I'm not a hero
I don't care

We'll carry on, we'll carry on
And though you're dead and gone, believe me
Your memory will carry on, you'll carry on
And though you're broken and defeated
Your weary widow marches on

Do or die, you'll never make me
Because the world will never take my heart
Go and try, you'll never break me
We want it all, we wanna play this part (We'll carry on)
Do or die, you'll never make me (We'll carry on)
Because the world will never take my heart (We'll carry on)
Go and try, you'll never break me (We'll carry)
We want it all, we wanna play this part (We'll carry on)"
Lana Del Rey,Video Games,2011,Alternative Rock,"Swingin' in the backyard, pull up in your fast car
Whistlin' my name
Open up a beer and you say, ""Get over here
And play a video game""
I'm in his favorite sundress, watching me get undressed
Take that body downtown
I say, ""You the bestest,"" lean in for a big kiss
Put his favorite perfume on
""Go play a video game""

It's you, it's you, it's all for you, everything I do
I tell you all the time, Heaven is a place on Earth with you
Tell me all the things you wanna do
I heard that you like the bad girls, honey, is that true?
It's better than I ever even knew
They say that the world was built for two
Only worth living if somebody is loving you
And, baby, now you do

Mmm

Singin' in the old bars, swinging with the old stars
Livin' for the fame
Kissin' in the blue dark, playing pool and wild darts
Video games
He holds me in his big arms, drunk, and I am seeing stars
This is all I think of
Watchin' all our friends fall in and out of Old Paul's, this is my idea of fun
Playin' video games

It's you, it's you, it's all for you, everything I do
I tell you all the time, Heaven is a place on Earth with you
Tell me all the things you wanna do
I heard that you like the bad girls, honey, is that true?
It's better than I ever even knew
They say that the world was built for two
Only worth living if somebody is loving you
And, baby, now you do

(N-now you do, now you do, now you do)
(N-now you do, now you do, now you do)

It's you, it's you, it's all for you, everything I do
I tell you all the time, Heaven is a place on Earth with you
Tell me all the things you wanna do
I heard that you like the bad girls, honey, is that true?
It's better than I ever even knew
They say that the world was built for two
Only worth living if somebody is loving you
And, baby, now you do

(N-now you do, now you do, now you do)
Mmm, now you do
(N-now you do, now you do, now you do)"
Radiohead,No Surprises,1997,Alternative Rock,"A heart that's full up like a landfill
A job that slowly kills you
Bruises that won't heal

You look so tired, unhappy
Bring down the government
They don't, they don't speak for us

I'll take a quiet life
A handshake of carbon monoxide
And no alarms and no surprises
No alarms and no surprises
No alarms and no surprises
Silent
Silent

This is my final fit
My final bellyache with
No alarms and no surprises
No alarms and no surprises
No alarms and no surprises, please


Such a pretty house
And such a pretty garden
No alarms and no surprises (
Let me out of here
)
No alarms and no surprises (
Let me out of here
)
No alarms and no surprises, please (
Let me out of here
)"
Harry Styles,Fine Line,2019,Alternative Rock,"Put a price on emotion
I'm looking for something to buy
You've got my devotion
But man, I can hate you sometimes
I don't want to fight you
And I don't want to sleep in the dirt
We'll get the drinks in
So I'll get to thinking of her

We'll be a fine line
We'll be a fine line
We'll be a fine line
We'll be a fine line
We'll be a fine line
We'll be a fine line

Test of my patience
There's things that we'll never know
You sunshine, you temptress
My hand's at risk, I fold
Crisp trepidation
I'll try to shake this soon
Spreading you open
Is the only way of knowing you
Ooh, ooh

We'll be a fine line
We'll be a fine line
We'll be a fine line
We'll be a fine line
We'll be a fine line
We'll be a fine line
We'll be a fine line
We'll be a fine line
We'll be a fine line
We'll be a fine line
We'll be a fine line
We'll be a fine line
We'll be alright
We'll be alright
We'll be a fine line
We'll be a fine line
We'll be alright

(We'll be alright)
(We'll be alright)
We'll be alright
We'll be alright
Oh"
Twenty One Pilots,Chlorine,2018,Alternative Rock,"So where are ya?
It's been a little while

Sippin' on straight chlorine
Let the vibe slide over me
This beat is a chemical, beat is a chemical
When I leave, don't save my seat
I'll be back when it's all complete
The moment is medical, moment is medical
Sippin' on straight chlorine

Lovin' what I'm tastin', woah
Venom on my tongue, dependent at times
Poisonous vibrations, woah
Help my body run

I'm runnin' for my life
Runnin' for my life

Sippin' on straight chlorine
Let the vibe slide over me
This beat is a chemical, beat is a chemical
When I leave, don't save my seat
I'll be back when it's all complete
The moment is medical, moment is medical
Sippin' on straight chlorine

Fall out of formation, woah
I plan my escape from walls they confined
Rebel red carnation, woa-a-oh
Grows while I decay

I'm runnin' for my life
Runnin' for my life
Yeah, I'm runnin' for my life
Runnin' for my life

Hide you in my coat pocket, where I kept my rebel red
I felt I was invincible, you wrapped around my head
Now different lives I lead, my body lives on lead
The last two lines may read incorrect until said
The lead is terrible in flavor
But now you double as a paper maker
I despise you sometimes, I love to hate the fight
And you in my life is like

Sippin' on straight chlorine
Let the vibe slide over me
This beat is a chemical, beat is a chemical
When I leave, don't save my seat
I'll be back when it's all complete
The moment is medical, moment is medical
Sippin' on straight chlorine

Let the vibe, let the vibe
Let the vibe, let the vibe
Beat is a chemical, yeah
Let the vibe, let the vibe
Let the vibe, let the vibe
Moment is medical, yeah
Sippin' on straight chlorine
Let the vibe, let the vibe
Let the vibe, let the vibe
Beat is a chemical, yeah
Let the vibe, let the vibe
Let the vibe, let the vibe
Moment is medical, yeah

I'm so sorry I forgot you
Let me catch you up to speed
I've been tested like the ends of
A weathered flag that's by the sea
Can you build my house with pieces?
I'm just a chemical
Can you build my house with pieces?
I'm just a chemical
Can you build my house with pieces?
I'm just a chemical
Can you build my house with pieces?
I'm just a chemical"
Nirvana,Heart-Shaped Box,1993,Alternative Rock,"She eyes me like a Pisces when I am weak
I've been locked inside your heart-shaped box for weeks
I've been drawn into your magnet tar pit trap
I wish I could eat your cancer when you turn black

Hey, wait, I got a new complaint
Forever in debt to your priceless advice
Hey, wait, I got a new complaint
Forever in debt to your priceless advice
Hey, wait, I got a new complaint
Forever in debt to your priceless advice
Your advice

Meat-eating orchids forgive no one just yet
Cut myself on angel hair and baby's breath
Broken hymen of your highness, I'm left black
Throw down your umbilical noose so I can climb right back

Hey, wait, I got a new complaint
Forever in debt to your priceless advice
Hey, wait, I got a new complaint
Forever in debt to your priceless advice
Hey, wait, I got a new complaint
Forever in debt to your priceless advice
Your advice


She eyes me like a Pisces when I am weak
I've been locked inside your heart-shaped box for weeks
I've been drawn into your magnet tar pit trap
I wish I could eat your cancer when you turn black

Hey, wait, I got a new complaint
Forever in debt to your priceless advice
Hey, wait, I got a new complaint
Forever in debt to your priceless advice
Hey, wait, I got a new complaint
Forever in debt to your priceless advice
Your advice
Your advice
Your advice"
Green Day,Boulevard of Broken Dreams,2004,Alternative Rock,"I walk a lonely road
The only one that I have ever known
Don't know where it goes
But it's home to me, and I walk alone
I walk this empty street
On the Boulevard of Broken Dreams
Where the city sleeps
And I'm the only one, and I walk alone

I walk alone, I walk alone
I walk alone, and I walk a—

My shadow's the only one that walks beside me
My shallow heart's the only thing that's beatin'
Sometimes, I wish someone out there will find me
'Til then, I walk alone

Ah-ah, ah-ah, ah-ah, ah-ah
Ah-ah, ah-ah, ah-ah

I'm walkin' down the line
That divides me somewhere in my mind
On the borderline
Of the edge and where I walk alone
Read between the lines
What's fucked up and everything's all right
Check my vital signs
To know I'm still alive, and I walk alone

I walk alone, I walk alone
I walk alone, and I walk a—

My shadow's the only one that walks beside me
My shallow heart's the only thing that's beatin'
Sometimes, I wish someone out there will find me
'Til then, I walk alone

Ah-ah, ah-ah, ah-ah, ah-ah
Ah-ah, ah-ah
I walk alone, and I walk a—


I walk this empty street
On the Boulevard of Broken Dreams
Where the city sleeps
And I'm the only one, and I walk a—

My shadow's the only one that walks beside me
My shallow heart's the only thing that's beatin'
Sometimes, I wish someone out there will find me
'Til then, I walk alone"
5 Seconds of Summer,Youngblood,2018,Alternative Rock,"Remember the words you told me?
""Love me till the day I die""
Surrender my everything
'Cause you made me believe you're mine
Yeah, you used to call me ""baby""
Now, you're callin' me by name (Mm)
Takes one to know one, yeah
You beat me at my own damn game

You push and you push and I'm pullin' away
Pullin' away from ya
I give and I give and I give and you take
Give and you take

Youngblood
Say you want me, say you want me outta your life
And I'm just a dead man walkin' tonight
But you need it, yeah, you need it all of the time, yeah (Ooh)
Youngblood
Say you want me, say you want me back in your life
So I'm just a dead man crawlin' tonight
'Cause I need it, yeah, I need it all of the time, yeah (Ooh)

Lately, our conversations
End like it's the last goodbye
Then one of us gets too drunk
And calls about a hundred times
So 
who you been callin' ""baby""?
Nobody could take my place
When you're lookin' at those strangers
Hope to God you see my face
 (
Ooh
)

Youngblood
Say you want me, say you want me outta your life
And I'm just a dead man walkin' tonight
But you need it, yeah, you need it all of the time, yeah (Ooh)
Youngblood
Say you want me, say you want me back in your life
So I'm just a dead man crawlin' tonight
'Cause I need it, yeah, I need it all of the time, yeah (Ooh)

You push and you push and I'm pullin' away
Pullin' away from ya
I give and I give and I give and you take
Give and you take
You're runnin' around and I'm runnin' away
Runnin' away from ya, mm, from ya

Youngblood
Say you want me, say you want me outta your life
And I'm just a dead man walkin' tonight
But you need it, yeah, you need it all of the time, yeah (Ooh)
Youngblood
Say you want me, say you want me back in your life
So I'm just a dead man crawlin' tonight
'Cause I need it, yeah, I need it all of the time, yeah (Ooh)

You push and you push and I'm pullin' away
Pullin' away from ya
I give and I give and I give and you take
Give and you take
Youngblood
Say you want me, say you want me outta your life
And I'm just a dead man walkin' tonight"
Imagine Dragons,Whatever It Takes,2017,Alternative Rock,"Falling too fast to prepare for this
Tripping in the world could be dangerous
Everybody circling is vulturous
Negative, nepotist
Everybody waiting for the fall of man
Everybody praying for the end of times
Everybody hoping they could be the one
I was born to run, I was born for this

Whip, whip
Run me like a racehorse
Pull me like a ripcord
Break me down and build me up
I wanna be the slip, slip
Word upon your lip, lip
Letter that you rip, rip
Break me down and build me up

Whatever it takes
'Cause I love the adrenaline in my veins
I do whatever it takes
'Cause I love how it feels when I break the chains
Whatever it takes
Yeah, take me to the top
I'm ready for whatever it takes
'Cause I love the adrenaline in my veins
I do what it takes

Always had a fear of being typical
Looking at my body feeling miserable
Always hanging on to the visual
I wanna be invisible
Looking at my years like a martyrdom
Everybody needs to be a part of 'em
Never be enough, I'm the prodigal son
I was born to run, I was born for this

Whip, whip
Run me like a racehorse
Pull me like a ripcord
Break me down and build me up
I wanna be the slip, slip
Word upon your lip, lip
Letter that you rip, rip
Break me down and build me up

Whatever it takes
'Cause I love the adrenaline in my veins
I do whatever it takes
'Cause I love how it feels when I break the chains
Whatever it takes
Yeah, take me to the top
I'm ready for whatever it takes
'Cause I love the adrenaline in my veins
I do what it takes

Hypocritical, egotistical
Don't wanna be the parenthetical, hypothetical
Working hard on something that I'm proud of, out of the box
An epoxy to the world and the vision we've lost
I'm an apostrophe
I'm just a symbol to remind you that there's more to see
I'm just a product of the system, a catastrophe
And yet a masterpiece, and yet I'm half-diseased
And when I am deceased
At least I'll go down to the grave and die happily
And leave the body and the soul to be a part of thee
I do what it takes

Whatever it takes
'Cause I love the adrenaline in my veins
I do whatever it takes
'Cause I love how it feels when I break the chains
Whatever it takes
Yeah, take me to the top
I'm ready for whatever it takes
'Cause I love the adrenaline in my veins
I do what it takes"
Cigarettes After Sex,Apocalypse,2017,Alternative Rock,"You leapt from crumbling bridges watching cityscapes turn to dust
Filming helicopters crashing in the ocean from way above

Got the music in you, baby, tell me why
Got the music in you, baby, tell me why
You've been locked in here forever and you just can't say goodbye

Kisses on the foreheads of the lovers wrapped in your arms
You've been hiding them in hollowed out pianos left in the dark

Got the music in you, baby, tell me why
Got the music in you, baby, tell me why
You've been locked in here forever and you just can't say goodbye

Your lips, my lips
Apocalypse
Your lips, my lips
Apocalypse
Go and sneak us through the rivers
Flood is rising up on your knees
Oh, please
Come out and haunt me, I know you want me
Come out and haunt me

Sharing all your secrets with each other since you were kids
Sleeping soundly with the locket that she gave you clutched in your fist

Got the music in you, baby, tell me why
Got the music in you, baby, tell me why
You've been locked in here forever and you just can't say goodbye
You've been locked in here forever and you just can't say goodbye

Oh, when you're all alone
I will reach for you
When you're feeling low
I will be there too"
The Neighbourhood,Daddy Issues,2015,Alternative Rock,"Take you like a drug
I taste you on my tongue

You ask me what I'm thinking about
I tell you that I'm thinking about
Whatever you're thinking about (Ah)
Tell me somethin' then I'll forget
And you might have to tell me again
It's crazy what you do for a friend

Go ahead and cry, little girl
Nobody does it like you do
I know how much it matters to you
I know that you got daddy issues
And if you were my little girl
I'd do whatever I could do
I'd run away and hide with you
I know that you got daddy issues, and I do too

I tried to write your name in the rain
But the rain never came
So I made with the sun
The shade
Always comes at the worst times (Ah)

You ask me what I'm thinking about
I tell you that I'm thinking about
Whatever you're thinking about
Tell me somethin' then I'll forget
And you might have to tell me again
It's crazy what you do for a friend

Go ahead and cry, little girl
Nobody does it like you do
I know how much it matters to you
I know that you got daddy issues
And if you were my little girl
I'd do whatever I could do
I'd run away and hide with you
I know that you got daddy issues

I keep on tryin' to let you go
I'm dyin' to let you know
How I'm getting on
I didn't cry when you left at first
But now that you're dead it hurts
This time I gotta know
Where did my daddy go?
I'm not entirely here
Half of me has disappeared

Go ahead and cry, little boy
You know that your daddy did too
You know what your mama went through
You gotta let it out soon, just let it out

Go ahead and cry, little girl
Nobody does it like you do
I know how much it matters to you
I know that you got daddy issues
And if you were my little girl
I'd do whatever I could do
I'd run away and hide with you
I know that you got daddy issues, and I do too
If you were my little girl
I'd do whatever I could do
I'd run away and hide with you
I know that you got daddy issues, and I do too"
Hozier,Work Song,2014,Alternative Rock,"Mmm, mmm, mmm, mmm
Mmm, mmm, mmm, mmm

Boys workin' on empty
Is that the kinda way to face the burnin' heat?
I just think about my baby
I'm so full of love, I could barely eat
There's nothin' sweeter than my baby
I'd never want once from the cherry tree
'Cause my baby's sweet as can be
She'd give me toothaches just from kissin' me

When my time comes around
Lay me gently in the cold, dark earth
No grave can hold my body down
I'll crawl home to her

Boys, when my baby found me
I was three days on a drunken sin
I woke with her walls around me
Nothin' in her room but an empty crib
And I was burnin' up a fever
I didn't care much how long I lived
But I swear, I thought I dreamed her
She never asked me once about the wrong I did

When my time comes around
Lay me gently in the cold, dark earth
No grave can hold my body down
I'll crawl home to her
When my time comes around
Lay me gently in the cold, dark earth
No grave can hold my body down
I'll crawl home to her

My babe would never fret none
About what my hands and my body done
If the Lord don't forgive me
I'd still have my baby and my babe would have me
When I was kissin' on my baby
And she put her love down, soft and sweet
In the low lamplight, I was free
Heaven and hell were words to me

When my time comes around
Lay me gently in the cold, dark earth
No grave can hold my body down
I'll crawl home to her
When my time comes around
Lay me gently in the cold, dark earth
No grave can hold my body down
I'll crawl home to her"
Tom Odell,Another Love,2012,Alternative Rock,"I wanna take you somewhere so you know I care
But it's so cold and I don't know where
I brought you daffodils in a pretty string
But they won't flower like they did last spring
And I wanna kiss you, make you feel alright
I'm just so tired to share my nights

I wanna cry and I wanna love
But all my tears have been used up

On another love, another love
All my tears have been used up
On another love, another love
All my tears have been used up
On another love, another love
All my tears have been used up
Up

Oh
Oh

And if somebody hurts you, I wanna fight
But my hand's been broken one too many times
So I'll use my voice, I'll be so fucking rude
Words, they always win, but I know I'll lose
And I'd sing a song that'd be just ours
But I sang 'em all to another heart

And I wanna cry, I wanna learn to love
But all my tears have been used up

On another love, another love
All my tears have been used up
On another love, another love
All my tears have been used up
On another love, another love
All my tears have been used up
Up

Oh
Oh
(Oh, need a love, now)
(My heart is thinking of)

I wanna sing a song that'd be just ours
But I sang 'em all to another heart
And I wanna cry, I wanna fall in love
But all my tears have been used up

On another love, another love
All my tears have been used up
On another love, another love
All my tears have been used up
On another love, another love
All my tears have been used up
Up"
Train,Drops of Jupiter (Tell Me),2001,Alternative Rock,"Now, that she's back in the atmosphere
With drops of Jupiter in her hair
She acts like summer and walks like rain
Reminds me that there's time to change, hey-hey
Since the return of her stay on the Moon
She listens like spring and she talks like June, hey-hey
Hey-hey, yeah

But tell me, did you sail across the Sun?
Did you make it to the Milky Way to see the lights all faded
And that Heaven is overrated?
Tell me, did you fall for a shooting star?
One without a permanent scar?
And did you miss me while you were looking for yourself out there?

Now, that she's back from that soul vacation
Tracin' her way through the constellation, hey-hey (Mmm)
She checks out Mozart while she does Tae-Bo
Reminds me that there's room to grow, hey-hey, yeah
Now, that she's back in the atmosphere
I'm afraid that she might think of me as
Plain ol' Jane told a story about a man
Who was too afraid to fly, so he never did land

But tell me, did the wind sweep you off your feet?
Did you finally get the chance to dance along the light of day
And head back to the Milky Way?
And tell me, did Venus blow your mind?
Was it everything you wanted to find?
And did you miss me while you were looking for yourself out there?

Can you imagine no love, pride, deep-fried chicken
Your best friend always sticking up for you
Even when I know you're wrong?
Can you imagine no first dance, freeze-dried romance
Five-hour phone conversation
The best soy latte that you ever had, and me?

But tell me, did the wind sweep you off your feet? (Feet)
Did you finally get the chance to dance along the light of day (The light of day)
And head back toward the Milky Way?
And tell me, did you sail across the Sun?
Did you make it to the Milky Way to see the lights all faded
And that Heaven is overrated?
And tell me, did you fall for a shooting star?
One without a permanent scar?
And did you miss me while you were looking for yourself?

Na-na, na-na, na-na
Na-na, na-na, na-na, na-na, na-na
And did you finally get the chance to dance along the light of day?
Na-na, na-na, na-na
Na-na, na-na, na-na, na-na, na-na
And did you fall for a shooting star?
Fall for a shooting star?
Na-na, na-na, na-na
Na-na, na-na, na-na, na-na, na-na
And are you lonely looking for yourself out there?"
Mitski,First Love / Late Spring,2014,Alternative Rock,"The black hole of the window where you sleep
The night breeze carries something sweet, a peach tree
Wild women don't get the blues, but I find that
Lately, I've been crying like a tall child

So please, hurry, leave me, I can't breathe
Please don't say you love me
胸がはち切れそうで
One word from you and I would
Jump off of this ledge I'm on, baby
Tell me, ""Don't"", so I can crawl back in

And I was so young when I behaved twenty-five
Yet now, I find I've grown into a tall child
And I don't wanna go home yet
Let me walk to the top of the big night sky

Please, hurry, leave me, I can't breathe
Please don't say you love me
胸がはち切れそうで
One word from you and I would
Jump off of this ledge I'm on, baby
Tell me, ""Don't"", so I can crawl back in


One word from you and I would
Jump off of this ledge I'm on, baby
Tell me, ""Don't"", so I can crawl back in

Please, hurry, leave me, I can't breathe"
Kanye West,Moon,2021,Alternative Rock,"I wanna go to the moon, don't leave so soon (Don't leave so soon)
How could I get through? (How could I get through?)
I wanna go to the moon, don't leave so soon (Don't leave so soon)
How could I get through? (How could I get through?)
I wanna go to the moon, don't leave so soon (Don't leave so soon)
How could I get through? (How could I get through?)

Hee-hee, here we go, strap in, we up
Never forget all the memories
Sittin', I sip out my cup
Thinkin' I should be a better me
Truly I'm blessed from the start
So much to say in these melodies, oh
Stare at the sky, the moon singin' sweet
Oh, my God, such a sweet moment
Angels, they say I'm not ever weak, such a lonely boy
Heaven knows I might never sleep, trouble in my soul
Hey, I've been prayin', life can be drainin', oh
Hey, who relate? Tryna keep followin' on
I'm ashamed, hated what I would see and nobody knows, so I go

How can I get through?
 (Don't leave so soon)
How can I get through? (
To the moon
)
How can I get through?
 (
To the moon
)
Early afternoon
, I wanna go to the moon (
Take you to the moon
)
Don't leave so soon (
Woah
)
Don't leave so soon
How could I get through? (
Yeah
)
How can I get through?
 (
Ooh
)
Early afternoon
, I wanna go to the moon (
Ooh
,
 take you to the moon
)
Don't leave so soon (
Ooh
)
Don't leave so soon
 (
Don't leave so soon
)
How could I get through? (How could I get through?)

Yeah-yeah
Woah-oh, oh-oh, oh-oh
Woah-oh, oh-oh, oh-oh
How could I get through?
How could I get through?
How could I get through?
How could I get through?
How could I get through?"
Weezer,Buddy Holly,1994,Alternative Rock,"What's with these homies dissin' my girl?
Why do they gotta front?
What did we ever do to these guys
That made them so violent?

Woo-hoo, but you know I'm yours
Woo-hoo, and I know you're mine
Woo-hoo, and that's for all of time

Ooh-wee-ooh, I look just like Buddy Holly
Oh, oh, and you're Mary Tyler Moore
I don't care what they say about us anyway
I don't care 'bout that

Don't you ever fear, I'm always near
I know that you need help
Your tongue is twisted, your eyes are slit
You need a guardian

Woo-hoo, and you know I'm yours
Woo-hoo, and I know you're mine
Woo-hoo, and that's for all of time

Ooh-wee-ooh, I look just like Buddy Holly
Oh, oh, and you're Mary Tyler Moore
I don't care what they say about us anyway
I don't care 'bout that
I don't care 'bout that

Bang, bang, knock on the door
Another big bang, get down on the floor
Oh no, what do we do?
Don't look now, but I lost my shoe
I can't run and I can't kick
What's a matter, babe, are you feelin' sick?
What's a matter, what's a matter, what's a matter you?
What's a matter, babe, are you feelin' blue? Oh-oh


And that's for all of time
And that's for all of time

Ooh-wee-ooh, I look just like Buddy Holly
Oh, oh, and you're Mary Tyler Moore
I don't care what they say about us anyway
I don't care 'bout that
I don't care 'bout that
I don't care 'bout that
I don't care 'bout that"
Keane,Somewhere Only We Know,2004,Alternative Rock,"I walked across an empty land
I knew the pathway like the back of my hand
I felt the earth beneath my feet
Sat by the river and it made me complete

Oh, simple thing, where have you gone?
I'm getting old and I need something to rely on
So tell me when you're gonna let me in
I'm getting tired and I need somewhere to begin

I came across a fallen tree
I felt the branches of it looking at me
Is this the place we used to love?
Is this the place that I've been dreaming of?

Oh, simple thing, where have you gone?
I'm getting old and I need something to rely on
So tell me when you're gonna let me in
I'm getting tired and I need somewhere to begin

And if you have a minute, why don't we go
Talk about it somewhere only we know?
This could be the end of everything
So why don't we go somewhere only we know?
Somewhere only we know

Oh, simple thing, where have you gone?
I'm getting old and I need something to rely on
So tell me when you're gonna let me in
I'm getting tired and I need somewhere to begin

And if you have a minute, why don't we go
Talk about it somewhere only we know?
This could be the end of everything
So why don't we go? So why don't we go?

Ooh-ooh-ooh
Oh-oh-oh

This could be the end of everything
So why don't we go somewhere only we know?
Somewhere only we know
Somewhere only we know"
